{
    "schemaVersion": "0.7.0",
    "imports": [
        {
            "corpusPath": "_allImports.cdm.json"
        }
    ],
    "definitions": [
        {
            "entityName": "ServiceContractContact",
            "extendsEntity": "CdmObject",
            "exhibitsTraits": [
                {
                    "traitReference": "is.localized.displayedAs",
                    "arguments": [
                        {
                            "entityReference": {
                                "entityShape": "localizedTable",
                                "constantValues": [
                                    [
                                        "en",
                                        "Service Contract Contact"
                                    ]
                                ]
                            }
                        }
                    ]
                },
                {
                    "traitReference": "is.localized.describedAs",
                    "arguments": [
                        {
                            "entityReference": {
                                "entityShape": "localizedTable",
                                "constantValues": [
                                    [
                                        "en",
                                        "Item in a Service contract."
                                    ]
                                ]
                            }
                        }
                    ]
                }
            ],
            "displayName": "Service Contract Contact",
            "description": "Item in a Service contract.",
            "sourceName": "ServiceContractContacts",
            "hasAttributes": [
                {
                    "attributeGroupReference": {
                        "attributeGroupName": "attributesAddedAtThisScope",
                        "exhibitsTraits": [
                            {
                                "traitReference": "is.CDM.attributeGroup",
                                "arguments": [
                                    {
                                        "entityReference": {
                                            "entityShape": "attributeGroupSet",
                                            "constantValues": [
                                                [
                                                    "/core/applicationCommon/foundationCommon/crmCommon/service/ServiceContractContact.cdm.json/ServiceContractContact/hasAttributes/attributesAddedAtThisScope"
                                                ]
                                            ]
                                        }
                                    }
                                ]
                            }
                        ],
                        "members": [
                            {
                                "relationship": "identifiedBy",
                                "dataType": "entityId",
                                "name": "serviceContractContactId",
                                "appliedTraits": [
                                    {
                                        "traitReference": "is.requiredAtLevel",
                                        "arguments": [
                                            {
                                                "name": "level",
                                                "value": "systemrequired"
                                            }
                                        ]
                                    },
                                    {
                                        "traitReference": "is.localized.describedAs",
                                        "arguments": [
                                            {
                                                "entityReference": {
                                                    "entityShape": "localizedTable",
                                                    "constantValues": [
                                                        [
                                                            "en",
                                                            "Unique identifier of the contact of the service contract."
                                                        ]
                                                    ]
                                                }
                                            }
                                        ]
                                    }
                                ],
                                "sourceName": "servicecontractcontactid",
                                "sourceOrdering": 10000,
                                "description": "Unique identifier of the contact of the service contract."
                            },
                            {
                                "relationship": "hasA",
                                "dataType": "bigInteger",
                                "name": "versionNumber",
                                "appliedTraits": [
                                    {
                                        "traitReference": "is.requiredAtLevel",
                                        "arguments": [
                                            {
                                                "name": "level",
                                                "value": "none"
                                            }
                                        ]
                                    },
                                    {
                                        "traitReference": "is.localized.displayedAs",
                                        "arguments": [
                                            {
                                                "entityReference": {
                                                    "entityShape": "localizedTable",
                                                    "constantValues": [
                                                        [
                                                            "en",
                                                            "Version Number"
                                                        ]
                                                    ]
                                                }
                                            }
                                        ]
                                    },
                                    {
                                        "traitReference": "is.localized.describedAs",
                                        "arguments": [
                                            {
                                                "entityReference": {
                                                    "entityShape": "localizedTable",
                                                    "constantValues": [
                                                        [
                                                            "en",
                                                            "Version Number"
                                                        ]
                                                    ]
                                                }
                                            }
                                        ]
                                    }
                                ],
                                "sourceName": "versionnumber",
                                "sourceOrdering": 10001,
                                "isNullable": true,
                                "displayName": "Version Number",
                                "description": "Version Number"
                            },
                            {
                                "relationship": "hasA",
                                "dataType": "integer",
                                "name": "importSequenceNumber",
                                "appliedTraits": [
                                    {
                                        "traitReference": "is.requiredAtLevel",
                                        "arguments": [
                                            {
                                                "name": "level",
                                                "value": "none"
                                            }
                                        ]
                                    },
                                    {
                                        "traitReference": "is.localized.displayedAs",
                                        "arguments": [
                                            {
                                                "entityReference": {
                                                    "entityShape": "localizedTable",
                                                    "constantValues": [
                                                        [
                                                            "en",
                                                            "Import Sequence Number"
                                                        ]
                                                    ]
                                                }
                                            }
                                        ]
                                    },
                                    {
                                        "traitReference": "is.localized.describedAs",
                                        "arguments": [
                                            {
                                                "entityReference": {
                                                    "entityShape": "localizedTable",
                                                    "constantValues": [
                                                        [
                                                            "en",
                                                            "Sequence number of the import that created this record."
                                                        ]
                                                    ]
                                                }
                                            }
                                        ]
                                    }
                                ],
                                "sourceName": "importsequencenumber",
                                "maximumValue": "2147483647",
                                "minimumValue": "-2147483648",
                                "sourceOrdering": 10002,
                                "isNullable": true,
                                "displayName": "Import Sequence Number",
                                "description": "Sequence number of the import that created this record."
                            },
                            {
                                "relationship": "createdOn",
                                "dataType": "dateTime",
                                "name": "overriddenCreatedOn",
                                "appliedTraits": [
                                    {
                                        "traitReference": "is.requiredAtLevel",
                                        "arguments": [
                                            {
                                                "name": "level",
                                                "value": "none"
                                            }
                                        ]
                                    },
                                    {
                                        "traitReference": "is.localized.displayedAs",
                                        "arguments": [
                                            {
                                                "entityReference": {
                                                    "entityShape": "localizedTable",
                                                    "constantValues": [
                                                        [
                                                            "en",
                                                            "Record Created On"
                                                        ]
                                                    ]
                                                }
                                            }
                                        ]
                                    },
                                    {
                                        "traitReference": "is.localized.describedAs",
                                        "arguments": [
                                            {
                                                "entityReference": {
                                                    "entityShape": "localizedTable",
                                                    "constantValues": [
                                                        [
                                                            "en",
                                                            "Date and time that the record was migrated."
                                                        ]
                                                    ]
                                                }
                                            }
                                        ]
                                    }
                                ],
                                "sourceName": "overriddencreatedon",
                                "sourceOrdering": 10003,
                                "isNullable": true,
                                "displayName": "Record Created On",
                                "description": "Date and time that the record was migrated."
                            },
                            {
                                "relationship": "hasA",
                                "dataType": "integer",
                                "name": "timeZoneRuleVersionNumber",
                                "appliedTraits": [
                                    {
                                        "traitReference": "is.requiredAtLevel",
                                        "arguments": [
                                            {
                                                "name": "level",
                                                "value": "none"
                                            }
                                        ]
                                    },
                                    {
                                        "traitReference": "is.localized.displayedAs",
                                        "arguments": [
                                            {
                                                "entityReference": {
                                                    "entityShape": "localizedTable",
                                                    "constantValues": [
                                                        [
                                                            "en",
                                                            "Time Zone Rule Version Number"
                                                        ]
                                                    ]
                                                }
                                            }
                                        ]
                                    },
                                    {
                                        "traitReference": "is.localized.describedAs",
                                        "arguments": [
                                            {
                                                "entityReference": {
                                                    "entityShape": "localizedTable",
                                                    "constantValues": [
                                                        [
                                                            "en",
                                                            "For internal use only."
                                                        ]
                                                    ]
                                                }
                                            }
                                        ]
                                    }
                                ],
                                "sourceName": "timezoneruleversionnumber",
                                "maximumValue": "2147483647",
                                "minimumValue": "-1",
                                "sourceOrdering": 10004,
                                "isNullable": true,
                                "displayName": "Time Zone Rule Version Number",
                                "description": "For internal use only."
                            },
                            {
                                "relationship": "hasA",
                                "dataType": "integer",
                                "name": "UTCConversionTimeZoneCode",
                                "appliedTraits": [
                                    {
                                        "traitReference": "is.requiredAtLevel",
                                        "arguments": [
                                            {
                                                "name": "level",
                                                "value": "none"
                                            }
                                        ]
                                    },
                                    {
                                        "traitReference": "is.localized.displayedAs",
                                        "arguments": [
                                            {
                                                "entityReference": {
                                                    "entityShape": "localizedTable",
                                                    "constantValues": [
                                                        [
                                                            "en",
                                                            "UTC Conversion Time Zone Code"
                                                        ]
                                                    ]
                                                }
                                            }
                                        ]
                                    },
                                    {
                                        "traitReference": "is.localized.describedAs",
                                        "arguments": [
                                            {
                                                "entityReference": {
                                                    "entityShape": "localizedTable",
                                                    "constantValues": [
                                                        [
                                                            "en",
                                                            "Time zone code that was in use when the record was created."
                                                        ]
                                                    ]
                                                }
                                            }
                                        ]
                                    }
                                ],
                                "sourceName": "utcconversiontimezonecode",
                                "maximumValue": "2147483647",
                                "minimumValue": "-1",
                                "sourceOrdering": 10005,
                                "isNullable": true,
                                "displayName": "UTC Conversion Time Zone Code",
                                "description": "Time zone code that was in use when the record was created."
                            },
                            {
                                "relationship": "hasA",
                                "dataType": "name",
                                "name": "name",
                                "appliedTraits": [
                                    {
                                        "traitReference": "is.requiredAtLevel",
                                        "arguments": [
                                            {
                                                "name": "level",
                                                "value": "required"
                                            }
                                        ]
                                    },
                                    {
                                        "traitReference": "is.localized.displayedAs",
                                        "arguments": [
                                            {
                                                "entityReference": {
                                                    "entityShape": "localizedTable",
                                                    "constantValues": [
                                                        [
                                                            "en",
                                                            "name"
                                                        ]
                                                    ]
                                                }
                                            }
                                        ]
                                    },
                                    {
                                        "traitReference": "is.localized.describedAs",
                                        "arguments": [
                                            {
                                                "entityReference": {
                                                    "entityShape": "localizedTable",
                                                    "constantValues": [
                                                        [
                                                            "en",
                                                            "name"
                                                        ]
                                                    ]
                                                }
                                            }
                                        ]
                                    }
                                ],
                                "sourceName": "name",
                                "maximumLength": 100,
                                "sourceOrdering": 10006,
                                "isNullable": true,
                                "displayName": "name",
                                "description": "name"
                            },
                            {
                                "name": "contact_serviced_by_contract",
                                "entity": {
                                    "entityReference": "Contact",
                                    "appliedTraits": [
                                        {
                                            "traitReference": "is.identifiedBy",
                                            "arguments": [
                                                "Contact/(resolvedAttributes)/contactId"
                                            ]
                                        }
                                    ]
                                },
                                "relationship": {
                                    "relationshipReference": "hasFlexibleRelationshipWithEntity",
                                    "appliedTraits": [
                                        {
                                            "traitReference": "does.referenceEntityVia",
                                            "arguments": [
                                                {
                                                    "name": "foreignKeyAttribute",
                                                    "value": {
                                                        "relationship": "hasA",
                                                        "dataType": "guid",
                                                        "name": "contactId",
                                                        "appliedTraits": [
                                                            {
                                                                "traitReference": "is.requiredAtLevel",
                                                                "arguments": [
                                                                    {
                                                                        "name": "level",
                                                                        "value": "systemrequired"
                                                                    }
                                                                ]
                                                            }
                                                        ],
                                                        "sourceName": "contactid",
                                                        "sourceOrdering": 10007
                                                    }
                                                }
                                            ]
                                        }
                                    ]
                                }
                            },
                            {
                                "name": "has_service_contacts",
                                "entity": {
                                    "entityReference": "Contract",
                                    "appliedTraits": [
                                        {
                                            "traitReference": "is.identifiedBy",
                                            "arguments": [
                                                "Contract/(resolvedAttributes)/contractId"
                                            ]
                                        }
                                    ]
                                },
                                "relationship": {
                                    "relationshipReference": "hasFlexibleRelationshipWithEntity",
                                    "appliedTraits": [
                                        {
                                            "traitReference": "does.referenceEntityVia",
                                            "arguments": [
                                                {
                                                    "name": "foreignKeyAttribute",
                                                    "value": {
                                                        "relationship": "hasA",
                                                        "dataType": "guid",
                                                        "name": "contractId",
                                                        "appliedTraits": [
                                                            {
                                                                "traitReference": "is.requiredAtLevel",
                                                                "arguments": [
                                                                    {
                                                                        "name": "level",
                                                                        "value": "systemrequired"
                                                                    }
                                                                ]
                                                            }
                                                        ],
                                                        "sourceName": "contractid",
                                                        "sourceOrdering": 10008
                                                    }
                                                }
                                            ]
                                        }
                                    ]
                                }
                            },
                            {
                                "relationship": "hasA",
                                "dataType": "integer",
                                "name": "serviceLevel",
                                "appliedTraits": [
                                    {
                                        "traitReference": "is.requiredAtLevel",
                                        "arguments": [
                                            {
                                                "name": "level",
                                                "value": "none"
                                            }
                                        ]
                                    }
                                ],
                                "sourceName": "servicelevel",
                                "maximumValue": "2147483647",
                                "minimumValue": "-2147483648",
                                "sourceOrdering": 10009,
                                "isNullable": true
                            }
                        ]
                    }
                }
            ]
        }
    ]
}