{
    "schemaVersion": "0.7.0",
    "imports": [
        {
            "corpusPath": "_allImports.cdm.json"
        }
    ],
    "definitions": [
        {
            "entityName": "SocialActivity",
            "extendsEntity": "base_SocialActivity/SocialActivity",
            "hasAttributes": [
                {
                    "attributeGroupReference": {
                        "attributeGroupName": "attributesAddedAtThisScope",
                        "exhibitsTraits": [
                            {
                                "traitReference": "is.CDM.attributeGroup",
                                "arguments": [
                                    {
                                        "entityReference": {
                                            "entityShape": "attributeGroupSet",
                                            "constantValues": [
                                                [
                                                    "/core/applicationCommon/foundationCommon/crmCommon/service/SocialActivity.cdm.json/SocialActivity/hasAttributes/attributesAddedAtThisScope"
                                                ]
                                            ]
                                        }
                                    }
                                ]
                            }
                        ],
                        "members": [
                            {
                                "name": "service_socialactivities",
                                "entity": {
                                    "entityReference": "Service",
                                    "appliedTraits": [
                                        {
                                            "traitReference": "is.identifiedBy",
                                            "arguments": [
                                                "Service/(resolvedAttributes)/serviceId"
                                            ]
                                        }
                                    ]
                                },
                                "relationship": {
                                    "relationshipReference": "hasFlexibleRelationshipWithEntity",
                                    "appliedTraits": [
                                        {
                                            "traitReference": "does.referenceEntityVia",
                                            "arguments": [
                                                {
                                                    "name": "foreignKeyAttribute",
                                                    "value": {
                                                        "relationship": "hasA",
                                                        "dataType": "entityId",
                                                        "name": "serviceId",
                                                        "appliedTraits": [
                                                            {
                                                                "traitReference": "is.CDS.lookup",
                                                                "arguments": [
                                                                    {
                                                                        "name": "style",
                                                                        "value": "single"
                                                                    }
                                                                ]
                                                            },
                                                            {
                                                                "traitReference": "is.requiredAtLevel",
                                                                "arguments": [
                                                                    {
                                                                        "name": "level",
                                                                        "value": "none"
                                                                    }
                                                                ]
                                                            },
                                                            {
                                                                "traitReference": "is.localized.displayedAs",
                                                                "arguments": [
                                                                    {
                                                                        "entityReference": {
                                                                            "entityShape": "localizedTable",
                                                                            "constantValues": [
                                                                                [
                                                                                    "en",
                                                                                    "Service"
                                                                                ]
                                                                            ]
                                                                        }
                                                                    }
                                                                ]
                                                            },
                                                            {
                                                                "traitReference": "is.localized.describedAs",
                                                                "arguments": [
                                                                    {
                                                                        "entityReference": {
                                                                            "entityShape": "localizedTable",
                                                                            "constantValues": [
                                                                                [
                                                                                    "en",
                                                                                    "Unique identifier for the associated service."
                                                                                ]
                                                                            ]
                                                                        }
                                                                    }
                                                                ]
                                                            }
                                                        ],
                                                        "sourceName": "serviceid",
                                                        "sourceOrdering": 10000,
                                                        "isNullable": true,
                                                        "displayName": "Service",
                                                        "description": "Unique identifier for the associated service."
                                                    }
                                                }
                                            ]
                                        }
                                    ]
                                }
                            }
                        ]
                    }
                }
            ]
        }
    ]
}