{
    "schemaVersion": "0.7.0",
    "imports": [
        {
            "corpusPath": "_allImports.cdm.json"
        }
    ],
    "definitions": [
        {
            "entityName": "GoalMetric",
            "extendsEntity": "CdmObject",
            "exhibitsTraits": [
                {
                    "traitReference": "is.localized.displayedAs",
                    "arguments": [
                        {
                            "entityReference": {
                                "entityShape": "localizedTable",
                                "constantValues": [
                                    [
                                        "en",
                                        "Goal Metric"
                                    ]
                                ]
                            }
                        }
                    ]
                },
                {
                    "traitReference": "is.localized.describedAs",
                    "arguments": [
                        {
                            "entityReference": {
                                "entityShape": "localizedTable",
                                "constantValues": [
                                    [
                                        "en",
                                        "Type of measurement for a goal, such as money amount or count."
                                    ]
                                ]
                            }
                        }
                    ]
                }
            ],
            "displayName": "Goal Metric",
            "description": "Type of measurement for a goal, such as money amount or count.",
            "sourceName": "Metric",
            "hasAttributes": [
                {
                    "attributeGroupReference": {
                        "attributeGroupName": "attributesAddedAtThisScope",
                        "exhibitsTraits": [
                            {
                                "traitReference": "is.CDM.attributeGroup",
                                "arguments": [
                                    {
                                        "entityReference": {
                                            "entityShape": "attributeGroupSet",
                                            "constantValues": [
                                                [
                                                    "/core/applicationCommon/GoalMetric.cdm.json/GoalMetric/hasAttributes/attributesAddedAtThisScope"
                                                ]
                                            ]
                                        }
                                    }
                                ]
                            }
                        ],
                        "members": [
                            {
                                "relationship": "identifiedBy",
                                "dataType": "entityId",
                                "name": "metricId",
                                "appliedTraits": [
                                    {
                                        "traitReference": "is.requiredAtLevel",
                                        "arguments": [
                                            {
                                                "name": "level",
                                                "value": "systemrequired"
                                            }
                                        ]
                                    },
                                    {
                                        "traitReference": "is.localized.displayedAs",
                                        "arguments": [
                                            {
                                                "entityReference": {
                                                    "entityShape": "localizedTable",
                                                    "constantValues": [
                                                        [
                                                            "en",
                                                            "Goal Metric"
                                                        ]
                                                    ]
                                                }
                                            }
                                        ]
                                    },
                                    {
                                        "traitReference": "is.localized.describedAs",
                                        "arguments": [
                                            {
                                                "entityReference": {
                                                    "entityShape": "localizedTable",
                                                    "constantValues": [
                                                        [
                                                            "en",
                                                            "Unique identifier of the goal metric."
                                                        ]
                                                    ]
                                                }
                                            }
                                        ]
                                    }
                                ],
                                "sourceName": "metricid",
                                "sourceOrdering": 1,
                                "displayName": "Goal Metric",
                                "description": "Unique identifier of the goal metric."
                            },
                            {
                                "relationship": "createdOn",
                                "dataType": "dateTime",
                                "name": "createdOn",
                                "appliedTraits": [
                                    {
                                        "traitReference": "is.requiredAtLevel",
                                        "arguments": [
                                            {
                                                "name": "level",
                                                "value": "none"
                                            }
                                        ]
                                    },
                                    {
                                        "traitReference": "is.localized.displayedAs",
                                        "arguments": [
                                            {
                                                "entityReference": {
                                                    "entityShape": "localizedTable",
                                                    "constantValues": [
                                                        [
                                                            "en",
                                                            "Created On"
                                                        ]
                                                    ]
                                                }
                                            }
                                        ]
                                    },
                                    {
                                        "traitReference": "is.localized.describedAs",
                                        "arguments": [
                                            {
                                                "entityReference": {
                                                    "entityShape": "localizedTable",
                                                    "constantValues": [
                                                        [
                                                            "en",
                                                            "Date and time when the record was created."
                                                        ]
                                                    ]
                                                }
                                            }
                                        ]
                                    }
                                ],
                                "sourceName": "createdon",
                                "sourceOrdering": 2,
                                "isNullable": true,
                                "displayName": "Created On",
                                "description": "Date and time when the record was created."
                            },
                            {
                                "name": "lk_metric_createdby",
                                "entity": {
                                    "entityReference": "User",
                                    "appliedTraits": [
                                        {
                                            "traitReference": "is.identifiedBy",
                                            "arguments": [
                                                "User/(resolvedAttributes)/systemUserId"
                                            ]
                                        }
                                    ]
                                },
                                "relationship": {
                                    "relationshipReference": "hasFlexibleRelationshipWithEntity",
                                    "appliedTraits": [
                                        {
                                            "traitReference": "does.referenceEntityVia",
                                            "arguments": [
                                                {
                                                    "name": "foreignKeyAttribute",
                                                    "value": {
                                                        "relationship": "hasA",
                                                        "dataType": "entityId",
                                                        "name": "createdBy",
                                                        "appliedTraits": [
                                                            {
                                                                "traitReference": "is.CDS.lookup",
                                                                "arguments": [
                                                                    {
                                                                        "name": "style",
                                                                        "value": "single"
                                                                    }
                                                                ]
                                                            },
                                                            {
                                                                "traitReference": "is.requiredAtLevel",
                                                                "arguments": [
                                                                    {
                                                                        "name": "level",
                                                                        "value": "none"
                                                                    }
                                                                ]
                                                            },
                                                            {
                                                                "traitReference": "is.localized.displayedAs",
                                                                "arguments": [
                                                                    {
                                                                        "entityReference": {
                                                                            "entityShape": "localizedTable",
                                                                            "constantValues": [
                                                                                [
                                                                                    "en",
                                                                                    "Created By"
                                                                                ]
                                                                            ]
                                                                        }
                                                                    }
                                                                ]
                                                            },
                                                            {
                                                                "traitReference": "is.localized.describedAs",
                                                                "arguments": [
                                                                    {
                                                                        "entityReference": {
                                                                            "entityShape": "localizedTable",
                                                                            "constantValues": [
                                                                                [
                                                                                    "en",
                                                                                    "Unique identifier of the user who created the record."
                                                                                ]
                                                                            ]
                                                                        }
                                                                    }
                                                                ]
                                                            }
                                                        ],
                                                        "sourceName": "createdby",
                                                        "sourceOrdering": 3,
                                                        "isNullable": true,
                                                        "displayName": "Created By",
                                                        "description": "Unique identifier of the user who created the record."
                                                    }
                                                }
                                            ]
                                        }
                                    ]
                                }
                            },
                            {
                                "relationship": "modifiedOn",
                                "dataType": "dateTime",
                                "name": "modifiedOn",
                                "appliedTraits": [
                                    {
                                        "traitReference": "is.requiredAtLevel",
                                        "arguments": [
                                            {
                                                "name": "level",
                                                "value": "none"
                                            }
                                        ]
                                    },
                                    {
                                        "traitReference": "is.localized.displayedAs",
                                        "arguments": [
                                            {
                                                "entityReference": {
                                                    "entityShape": "localizedTable",
                                                    "constantValues": [
                                                        [
                                                            "en",
                                                            "Modified On"
                                                        ]
                                                    ]
                                                }
                                            }
                                        ]
                                    },
                                    {
                                        "traitReference": "is.localized.describedAs",
                                        "arguments": [
                                            {
                                                "entityReference": {
                                                    "entityShape": "localizedTable",
                                                    "constantValues": [
                                                        [
                                                            "en",
                                                            "Date and time when the record was modified."
                                                        ]
                                                    ]
                                                }
                                            }
                                        ]
                                    }
                                ],
                                "sourceName": "modifiedon",
                                "sourceOrdering": 4,
                                "isNullable": true,
                                "displayName": "Modified On",
                                "description": "Date and time when the record was modified."
                            },
                            {
                                "name": "lk_metric_modifiedby",
                                "entity": {
                                    "entityReference": "User",
                                    "appliedTraits": [
                                        {
                                            "traitReference": "is.identifiedBy",
                                            "arguments": [
                                                "User/(resolvedAttributes)/systemUserId"
                                            ]
                                        }
                                    ]
                                },
                                "relationship": {
                                    "relationshipReference": "hasFlexibleRelationshipWithEntity",
                                    "appliedTraits": [
                                        {
                                            "traitReference": "does.referenceEntityVia",
                                            "arguments": [
                                                {
                                                    "name": "foreignKeyAttribute",
                                                    "value": {
                                                        "relationship": "hasA",
                                                        "dataType": "entityId",
                                                        "name": "modifiedBy",
                                                        "appliedTraits": [
                                                            {
                                                                "traitReference": "is.CDS.lookup",
                                                                "arguments": [
                                                                    {
                                                                        "name": "style",
                                                                        "value": "single"
                                                                    }
                                                                ]
                                                            },
                                                            {
                                                                "traitReference": "is.requiredAtLevel",
                                                                "arguments": [
                                                                    {
                                                                        "name": "level",
                                                                        "value": "none"
                                                                    }
                                                                ]
                                                            },
                                                            {
                                                                "traitReference": "is.localized.displayedAs",
                                                                "arguments": [
                                                                    {
                                                                        "entityReference": {
                                                                            "entityShape": "localizedTable",
                                                                            "constantValues": [
                                                                                [
                                                                                    "en",
                                                                                    "Modified By"
                                                                                ]
                                                                            ]
                                                                        }
                                                                    }
                                                                ]
                                                            },
                                                            {
                                                                "traitReference": "is.localized.describedAs",
                                                                "arguments": [
                                                                    {
                                                                        "entityReference": {
                                                                            "entityShape": "localizedTable",
                                                                            "constantValues": [
                                                                                [
                                                                                    "en",
                                                                                    "Unique identifier of the user who modified the record."
                                                                                ]
                                                                            ]
                                                                        }
                                                                    }
                                                                ]
                                                            }
                                                        ],
                                                        "sourceName": "modifiedby",
                                                        "sourceOrdering": 5,
                                                        "isNullable": true,
                                                        "displayName": "Modified By",
                                                        "description": "Unique identifier of the user who modified the record."
                                                    }
                                                }
                                            ]
                                        }
                                    ]
                                }
                            },
                            {
                                "name": "lk_metric_createdonbehalfby",
                                "entity": {
                                    "entityReference": "User",
                                    "appliedTraits": [
                                        {
                                            "traitReference": "is.identifiedBy",
                                            "arguments": [
                                                "User/(resolvedAttributes)/systemUserId"
                                            ]
                                        }
                                    ]
                                },
                                "relationship": {
                                    "relationshipReference": "hasFlexibleRelationshipWithEntity",
                                    "appliedTraits": [
                                        {
                                            "traitReference": "does.referenceEntityVia",
                                            "arguments": [
                                                {
                                                    "name": "foreignKeyAttribute",
                                                    "value": {
                                                        "relationship": "hasA",
                                                        "dataType": "entityId",
                                                        "name": "createdOnBehalfBy",
                                                        "appliedTraits": [
                                                            {
                                                                "traitReference": "is.CDS.lookup",
                                                                "arguments": [
                                                                    {
                                                                        "name": "style",
                                                                        "value": "single"
                                                                    }
                                                                ]
                                                            },
                                                            {
                                                                "traitReference": "is.requiredAtLevel",
                                                                "arguments": [
                                                                    {
                                                                        "name": "level",
                                                                        "value": "none"
                                                                    }
                                                                ]
                                                            },
                                                            {
                                                                "traitReference": "is.localized.displayedAs",
                                                                "arguments": [
                                                                    {
                                                                        "entityReference": {
                                                                            "entityShape": "localizedTable",
                                                                            "constantValues": [
                                                                                [
                                                                                    "en",
                                                                                    "Created By (Delegate)"
                                                                                ]
                                                                            ]
                                                                        }
                                                                    }
                                                                ]
                                                            },
                                                            {
                                                                "traitReference": "is.localized.describedAs",
                                                                "arguments": [
                                                                    {
                                                                        "entityReference": {
                                                                            "entityShape": "localizedTable",
                                                                            "constantValues": [
                                                                                [
                                                                                    "en",
                                                                                    "Unique identifier of the delegate user who created the record."
                                                                                ]
                                                                            ]
                                                                        }
                                                                    }
                                                                ]
                                                            }
                                                        ],
                                                        "sourceName": "createdonbehalfby",
                                                        "sourceOrdering": 6,
                                                        "isNullable": true,
                                                        "displayName": "Created By (Delegate)",
                                                        "description": "Unique identifier of the delegate user who created the record."
                                                    }
                                                }
                                            ]
                                        }
                                    ]
                                }
                            },
                            {
                                "name": "lk_metric_modifiedonbehalfby",
                                "entity": {
                                    "entityReference": "User",
                                    "appliedTraits": [
                                        {
                                            "traitReference": "is.identifiedBy",
                                            "arguments": [
                                                "User/(resolvedAttributes)/systemUserId"
                                            ]
                                        }
                                    ]
                                },
                                "relationship": {
                                    "relationshipReference": "hasFlexibleRelationshipWithEntity",
                                    "appliedTraits": [
                                        {
                                            "traitReference": "does.referenceEntityVia",
                                            "arguments": [
                                                {
                                                    "name": "foreignKeyAttribute",
                                                    "value": {
                                                        "relationship": "hasA",
                                                        "dataType": "entityId",
                                                        "name": "modifiedOnBehalfBy",
                                                        "appliedTraits": [
                                                            {
                                                                "traitReference": "is.CDS.lookup",
                                                                "arguments": [
                                                                    {
                                                                        "name": "style",
                                                                        "value": "single"
                                                                    }
                                                                ]
                                                            },
                                                            {
                                                                "traitReference": "is.requiredAtLevel",
                                                                "arguments": [
                                                                    {
                                                                        "name": "level",
                                                                        "value": "none"
                                                                    }
                                                                ]
                                                            },
                                                            {
                                                                "traitReference": "is.localized.displayedAs",
                                                                "arguments": [
                                                                    {
                                                                        "entityReference": {
                                                                            "entityShape": "localizedTable",
                                                                            "constantValues": [
                                                                                [
                                                                                    "en",
                                                                                    "Modified By (Delegate)"
                                                                                ]
                                                                            ]
                                                                        }
                                                                    }
                                                                ]
                                                            },
                                                            {
                                                                "traitReference": "is.localized.describedAs",
                                                                "arguments": [
                                                                    {
                                                                        "entityReference": {
                                                                            "entityShape": "localizedTable",
                                                                            "constantValues": [
                                                                                [
                                                                                    "en",
                                                                                    "Unique identifier of the delegate user who modified the record."
                                                                                ]
                                                                            ]
                                                                        }
                                                                    }
                                                                ]
                                                            }
                                                        ],
                                                        "sourceName": "modifiedonbehalfby",
                                                        "sourceOrdering": 7,
                                                        "isNullable": true,
                                                        "displayName": "Modified By (Delegate)",
                                                        "description": "Unique identifier of the delegate user who modified the record."
                                                    }
                                                }
                                            ]
                                        }
                                    ]
                                }
                            },
                            {
                                "name": "organization_metric",
                                "entity": {
                                    "entityReference": "Organization",
                                    "appliedTraits": [
                                        {
                                            "traitReference": "is.identifiedBy",
                                            "arguments": [
                                                "Organization/(resolvedAttributes)/organizationId"
                                            ]
                                        }
                                    ]
                                },
                                "relationship": {
                                    "relationshipReference": "hasFlexibleRelationshipWithEntity",
                                    "appliedTraits": [
                                        {
                                            "traitReference": "does.referenceEntityVia",
                                            "arguments": [
                                                {
                                                    "name": "foreignKeyAttribute",
                                                    "value": {
                                                        "relationship": "hasA",
                                                        "dataType": "entityId",
                                                        "name": "organizationId",
                                                        "appliedTraits": [
                                                            {
                                                                "traitReference": "is.CDS.lookup",
                                                                "arguments": [
                                                                    {
                                                                        "name": "style",
                                                                        "value": "single"
                                                                    }
                                                                ]
                                                            },
                                                            {
                                                                "traitReference": "is.requiredAtLevel",
                                                                "arguments": [
                                                                    {
                                                                        "name": "level",
                                                                        "value": "none"
                                                                    }
                                                                ]
                                                            },
                                                            {
                                                                "traitReference": "is.localized.displayedAs",
                                                                "arguments": [
                                                                    {
                                                                        "entityReference": {
                                                                            "entityShape": "localizedTable",
                                                                            "constantValues": [
                                                                                [
                                                                                    "en",
                                                                                    "Organization Id"
                                                                                ]
                                                                            ]
                                                                        }
                                                                    }
                                                                ]
                                                            },
                                                            {
                                                                "traitReference": "is.localized.describedAs",
                                                                "arguments": [
                                                                    {
                                                                        "entityReference": {
                                                                            "entityShape": "localizedTable",
                                                                            "constantValues": [
                                                                                [
                                                                                    "en",
                                                                                    "Unique identifier of the organization."
                                                                                ]
                                                                            ]
                                                                        }
                                                                    }
                                                                ]
                                                            }
                                                        ],
                                                        "sourceName": "organizationid",
                                                        "sourceOrdering": 12,
                                                        "isNullable": true,
                                                        "displayName": "Organization Id",
                                                        "description": "Unique identifier of the organization."
                                                    }
                                                }
                                            ]
                                        }
                                    ]
                                }
                            },
                            {
                                "relationship": "representsStateWith",
                                "dataType": {
                                    "dataTypeReference": "listLookup",
                                    "appliedTraits": [
                                        {
                                            "traitReference": "does.haveDefault",
                                            "arguments": [
                                                {
                                                    "entityReference": {
                                                        "explanation": "The constantValues below correspond to the attributes of the 'listLookupValues' entityShape which are: {languageTag, displayText, attributeValue, displayOrder}",
                                                        "entityShape": "listLookupValues",
                                                        "constantValues": [
                                                            [
                                                                "en",
                                                                "Active",
                                                                "0",
                                                                "0"
                                                            ],
                                                            [
                                                                "en",
                                                                "Inactive",
                                                                "1",
                                                                "1"
                                                            ]
                                                        ]
                                                    }
                                                }
                                            ]
                                        },
                                        {
                                            "traitReference": "does.addSupportingAttribute",
                                            "arguments": [
                                                {
                                                    "explanation": "This attribute 'stateCode_display' is added to the 'GoalMetric' entity to provide the localized display text for the value of the listLookup attribute 'stateCode'",
                                                    "relationship": "hasA",
                                                    "dataType": "localizedDisplayText",
                                                    "name": "stateCode_display",
                                                    "isReadOnly": true
                                                }
                                            ]
                                        }
                                    ]
                                },
                                "name": "stateCode",
                                "appliedTraits": [
                                    {
                                        "traitReference": "is.requiredAtLevel",
                                        "arguments": [
                                            {
                                                "name": "level",
                                                "value": "systemrequired"
                                            }
                                        ]
                                    },
                                    {
                                        "traitReference": "is.localized.displayedAs",
                                        "arguments": [
                                            {
                                                "entityReference": {
                                                    "entityShape": "localizedTable",
                                                    "constantValues": [
                                                        [
                                                            "en",
                                                            "Status"
                                                        ]
                                                    ]
                                                }
                                            }
                                        ]
                                    },
                                    {
                                        "traitReference": "is.localized.describedAs",
                                        "arguments": [
                                            {
                                                "entityReference": {
                                                    "entityShape": "localizedTable",
                                                    "constantValues": [
                                                        [
                                                            "en",
                                                            "Status of the goal metric."
                                                        ]
                                                    ]
                                                }
                                            }
                                        ]
                                    }
                                ],
                                "sourceName": "statecode",
                                "sourceOrdering": 14,
                                "displayName": "Status",
                                "description": "Status of the goal metric."
                            },
                            {
                                "relationship": {
                                    "relationshipReference": "representsCorrelatedStatusWith",
                                    "appliedTraits": [
                                        {
                                            "traitReference": "is.correlatedWith",
                                            "arguments": [
                                                "stateCode"
                                            ]
                                        }
                                    ]
                                },
                                "dataType": {
                                    "dataTypeReference": "listLookup",
                                    "appliedTraits": [
                                        {
                                            "traitReference": "does.haveDefault",
                                            "arguments": [
                                                {
                                                    "entityReference": {
                                                        "explanation": "The constantValues below correspond to the attributes of the 'listLookupCorrelatedValues' entityShape which are: {languageTag, displayText, attributeValue, displayOrder, correlatedValue}",
                                                        "entityShape": "listLookupCorrelatedValues",
                                                        "constantValues": [
                                                            [
                                                                "en",
                                                                "Open",
                                                                "0",
                                                                "0",
                                                                "0"
                                                            ],
                                                            [
                                                                "en",
                                                                "Closed",
                                                                "1",
                                                                "1",
                                                                "1"
                                                            ]
                                                        ]
                                                    }
                                                }
                                            ]
                                        },
                                        {
                                            "traitReference": "does.addSupportingAttribute",
                                            "arguments": [
                                                {
                                                    "explanation": "This attribute 'statusCode_display' is added to the 'GoalMetric' entity to provide the localized display text for the value of the listLookup attribute 'statusCode'",
                                                    "relationship": "hasA",
                                                    "dataType": "localizedDisplayText",
                                                    "name": "statusCode_display",
                                                    "isReadOnly": true
                                                }
                                            ]
                                        }
                                    ]
                                },
                                "name": "statusCode",
                                "appliedTraits": [
                                    {
                                        "traitReference": "is.requiredAtLevel",
                                        "arguments": [
                                            {
                                                "name": "level",
                                                "value": "none"
                                            }
                                        ]
                                    },
                                    {
                                        "traitReference": "is.localized.displayedAs",
                                        "arguments": [
                                            {
                                                "entityReference": {
                                                    "entityShape": "localizedTable",
                                                    "constantValues": [
                                                        [
                                                            "en",
                                                            "Status Reason"
                                                        ]
                                                    ]
                                                }
                                            }
                                        ]
                                    },
                                    {
                                        "traitReference": "is.localized.describedAs",
                                        "arguments": [
                                            {
                                                "entityReference": {
                                                    "entityShape": "localizedTable",
                                                    "constantValues": [
                                                        [
                                                            "en",
                                                            "Reason for the status of the goal metric."
                                                        ]
                                                    ]
                                                }
                                            }
                                        ]
                                    }
                                ],
                                "sourceName": "statuscode",
                                "sourceOrdering": 16,
                                "isNullable": true,
                                "displayName": "Status Reason",
                                "description": "Reason for the status of the goal metric."
                            },
                            {
                                "relationship": "hasA",
                                "dataType": "bigInteger",
                                "name": "versionNumber",
                                "appliedTraits": [
                                    {
                                        "traitReference": "is.requiredAtLevel",
                                        "arguments": [
                                            {
                                                "name": "level",
                                                "value": "none"
                                            }
                                        ]
                                    },
                                    {
                                        "traitReference": "is.localized.displayedAs",
                                        "arguments": [
                                            {
                                                "entityReference": {
                                                    "entityShape": "localizedTable",
                                                    "constantValues": [
                                                        [
                                                            "en",
                                                            "Version Number"
                                                        ]
                                                    ]
                                                }
                                            }
                                        ]
                                    },
                                    {
                                        "traitReference": "is.localized.describedAs",
                                        "arguments": [
                                            {
                                                "entityReference": {
                                                    "entityShape": "localizedTable",
                                                    "constantValues": [
                                                        [
                                                            "en",
                                                            "Version number of the goal metric."
                                                        ]
                                                    ]
                                                }
                                            }
                                        ]
                                    }
                                ],
                                "sourceName": "versionnumber",
                                "sourceOrdering": 18,
                                "isNullable": true,
                                "displayName": "Version Number",
                                "description": "Version number of the goal metric."
                            },
                            {
                                "relationship": "hasA",
                                "dataType": "integer",
                                "name": "importSequenceNumber",
                                "appliedTraits": [
                                    {
                                        "traitReference": "is.requiredAtLevel",
                                        "arguments": [
                                            {
                                                "name": "level",
                                                "value": "none"
                                            }
                                        ]
                                    },
                                    {
                                        "traitReference": "is.localized.displayedAs",
                                        "arguments": [
                                            {
                                                "entityReference": {
                                                    "entityShape": "localizedTable",
                                                    "constantValues": [
                                                        [
                                                            "en",
                                                            "Import Sequence Number"
                                                        ]
                                                    ]
                                                }
                                            }
                                        ]
                                    },
                                    {
                                        "traitReference": "is.localized.describedAs",
                                        "arguments": [
                                            {
                                                "entityReference": {
                                                    "entityShape": "localizedTable",
                                                    "constantValues": [
                                                        [
                                                            "en",
                                                            "Sequence number of the import that created this record."
                                                        ]
                                                    ]
                                                }
                                            }
                                        ]
                                    }
                                ],
                                "sourceName": "importsequencenumber",
                                "maximumValue": "2147483647",
                                "minimumValue": "-2147483648",
                                "sourceOrdering": 19,
                                "isNullable": true,
                                "displayName": "Import Sequence Number",
                                "description": "Sequence number of the import that created this record."
                            },
                            {
                                "relationship": "createdOn",
                                "dataType": "dateTime",
                                "name": "overriddenCreatedOn",
                                "appliedTraits": [
                                    {
                                        "traitReference": "is.requiredAtLevel",
                                        "arguments": [
                                            {
                                                "name": "level",
                                                "value": "none"
                                            }
                                        ]
                                    },
                                    {
                                        "traitReference": "is.localized.displayedAs",
                                        "arguments": [
                                            {
                                                "entityReference": {
                                                    "entityShape": "localizedTable",
                                                    "constantValues": [
                                                        [
                                                            "en",
                                                            "Record Created On"
                                                        ]
                                                    ]
                                                }
                                            }
                                        ]
                                    },
                                    {
                                        "traitReference": "is.localized.describedAs",
                                        "arguments": [
                                            {
                                                "entityReference": {
                                                    "entityShape": "localizedTable",
                                                    "constantValues": [
                                                        [
                                                            "en",
                                                            "Date and time that the record was migrated."
                                                        ]
                                                    ]
                                                }
                                            }
                                        ]
                                    }
                                ],
                                "sourceName": "overriddencreatedon",
                                "sourceOrdering": 20,
                                "isNullable": true,
                                "displayName": "Record Created On",
                                "description": "Date and time that the record was migrated."
                            },
                            {
                                "relationship": "hasA",
                                "dataType": "integer",
                                "name": "timeZoneRuleVersionNumber",
                                "appliedTraits": [
                                    {
                                        "traitReference": "is.requiredAtLevel",
                                        "arguments": [
                                            {
                                                "name": "level",
                                                "value": "none"
                                            }
                                        ]
                                    },
                                    {
                                        "traitReference": "is.localized.displayedAs",
                                        "arguments": [
                                            {
                                                "entityReference": {
                                                    "entityShape": "localizedTable",
                                                    "constantValues": [
                                                        [
                                                            "en",
                                                            "Time Zone Rule Version Number"
                                                        ]
                                                    ]
                                                }
                                            }
                                        ]
                                    },
                                    {
                                        "traitReference": "is.localized.describedAs",
                                        "arguments": [
                                            {
                                                "entityReference": {
                                                    "entityShape": "localizedTable",
                                                    "constantValues": [
                                                        [
                                                            "en",
                                                            "For internal use only."
                                                        ]
                                                    ]
                                                }
                                            }
                                        ]
                                    }
                                ],
                                "sourceName": "timezoneruleversionnumber",
                                "maximumValue": "2147483647",
                                "minimumValue": "-1",
                                "sourceOrdering": 21,
                                "isNullable": true,
                                "displayName": "Time Zone Rule Version Number",
                                "description": "For internal use only."
                            },
                            {
                                "relationship": "hasA",
                                "dataType": "integer",
                                "name": "UTCConversionTimeZoneCode",
                                "appliedTraits": [
                                    {
                                        "traitReference": "is.requiredAtLevel",
                                        "arguments": [
                                            {
                                                "name": "level",
                                                "value": "none"
                                            }
                                        ]
                                    },
                                    {
                                        "traitReference": "is.localized.displayedAs",
                                        "arguments": [
                                            {
                                                "entityReference": {
                                                    "entityShape": "localizedTable",
                                                    "constantValues": [
                                                        [
                                                            "en",
                                                            "UTC Conversion Time Zone Code"
                                                        ]
                                                    ]
                                                }
                                            }
                                        ]
                                    },
                                    {
                                        "traitReference": "is.localized.describedAs",
                                        "arguments": [
                                            {
                                                "entityReference": {
                                                    "entityShape": "localizedTable",
                                                    "constantValues": [
                                                        [
                                                            "en",
                                                            "Time zone code that was in use when the record was created."
                                                        ]
                                                    ]
                                                }
                                            }
                                        ]
                                    }
                                ],
                                "sourceName": "utcconversiontimezonecode",
                                "maximumValue": "2147483647",
                                "minimumValue": "-1",
                                "sourceOrdering": 22,
                                "isNullable": true,
                                "displayName": "UTC Conversion Time Zone Code",
                                "description": "Time zone code that was in use when the record was created."
                            },
                            {
                                "relationship": "hasA",
                                "dataType": "name",
                                "name": "name",
                                "appliedTraits": [
                                    {
                                        "traitReference": "is.requiredAtLevel",
                                        "arguments": [
                                            {
                                                "name": "level",
                                                "value": "required"
                                            }
                                        ]
                                    },
                                    {
                                        "traitReference": "is.localized.displayedAs",
                                        "arguments": [
                                            {
                                                "entityReference": {
                                                    "entityShape": "localizedTable",
                                                    "constantValues": [
                                                        [
                                                            "en",
                                                            "Name"
                                                        ]
                                                    ]
                                                }
                                            }
                                        ]
                                    },
                                    {
                                        "traitReference": "is.localized.describedAs",
                                        "arguments": [
                                            {
                                                "entityReference": {
                                                    "entityShape": "localizedTable",
                                                    "constantValues": [
                                                        [
                                                            "en",
                                                            "Name of the goal metric."
                                                        ]
                                                    ]
                                                }
                                            }
                                        ]
                                    }
                                ],
                                "sourceName": "name",
                                "maximumLength": 100,
                                "sourceOrdering": 23,
                                "isNullable": true,
                                "displayName": "Name",
                                "description": "Name of the goal metric."
                            },
                            {
                                "relationship": "hasA",
                                "dataType": {
                                    "dataTypeReference": "listLookup",
                                    "appliedTraits": [
                                        {
                                            "traitReference": "does.haveDefault",
                                            "arguments": [
                                                {
                                                    "entityReference": {
                                                        "explanation": "The constantValues below correspond to the attributes of the 'listLookupValues' entityShape which are: {languageTag, displayText, attributeValue, displayOrder}",
                                                        "entityShape": "listLookupValues",
                                                        "constantValues": [
                                                            [
                                                                "en",
                                                                "Money",
                                                                "0",
                                                                "0"
                                                            ],
                                                            [
                                                                "en",
                                                                "Decimal",
                                                                "1",
                                                                "1"
                                                            ],
                                                            [
                                                                "en",
                                                                "Integer",
                                                                "2",
                                                                "2"
                                                            ]
                                                        ]
                                                    }
                                                }
                                            ]
                                        },
                                        {
                                            "traitReference": "does.addSupportingAttribute",
                                            "arguments": [
                                                {
                                                    "explanation": "This attribute 'amountDataType_display' is added to the 'GoalMetric' entity to provide the localized display text for the value of the listLookup attribute 'amountDataType'",
                                                    "relationship": "hasA",
                                                    "dataType": "localizedDisplayText",
                                                    "name": "amountDataType_display",
                                                    "isReadOnly": true
                                                }
                                            ]
                                        }
                                    ]
                                },
                                "name": "amountDataType",
                                "appliedTraits": [
                                    {
                                        "traitReference": "is.requiredAtLevel",
                                        "arguments": [
                                            {
                                                "name": "level",
                                                "value": "none"
                                            }
                                        ]
                                    },
                                    {
                                        "traitReference": "is.localized.displayedAs",
                                        "arguments": [
                                            {
                                                "entityReference": {
                                                    "entityShape": "localizedTable",
                                                    "constantValues": [
                                                        [
                                                            "en",
                                                            "Amount Data Type"
                                                        ]
                                                    ]
                                                }
                                            }
                                        ]
                                    },
                                    {
                                        "traitReference": "is.localized.describedAs",
                                        "arguments": [
                                            {
                                                "entityReference": {
                                                    "entityShape": "localizedTable",
                                                    "constantValues": [
                                                        [
                                                            "en",
                                                            "Data type of the amount."
                                                        ]
                                                    ]
                                                }
                                            }
                                        ]
                                    }
                                ],
                                "sourceName": "amountdatatype",
                                "sourceOrdering": 24,
                                "isNullable": true,
                                "displayName": "Amount Data Type",
                                "description": "Data type of the amount."
                            },
                            {
                                "relationship": "hasA",
                                "dataType": "boolean",
                                "name": "isAmount",
                                "appliedTraits": [
                                    {
                                        "traitReference": "is.requiredAtLevel",
                                        "arguments": [
                                            {
                                                "name": "level",
                                                "value": "required"
                                            }
                                        ]
                                    },
                                    {
                                        "traitReference": "is.localized.displayedAs",
                                        "arguments": [
                                            {
                                                "entityReference": {
                                                    "entityShape": "localizedTable",
                                                    "constantValues": [
                                                        [
                                                            "en",
                                                            "Metric Type"
                                                        ]
                                                    ]
                                                }
                                            }
                                        ]
                                    },
                                    {
                                        "traitReference": "is.localized.describedAs",
                                        "arguments": [
                                            {
                                                "entityReference": {
                                                    "entityShape": "localizedTable",
                                                    "constantValues": [
                                                        [
                                                            "en",
                                                            "Information that indicates whether the metric type is Count or Amount."
                                                        ]
                                                    ]
                                                }
                                            }
                                        ]
                                    }
                                ],
                                "sourceName": "isamount",
                                "sourceOrdering": 32,
                                "isNullable": true,
                                "displayName": "Metric Type",
                                "description": "Information that indicates whether the metric type is Count or Amount."
                            },
                            {
                                "relationship": "hasA",
                                "dataType": "boolean",
                                "name": "isStretchTracked",
                                "appliedTraits": [
                                    {
                                        "traitReference": "is.requiredAtLevel",
                                        "arguments": [
                                            {
                                                "name": "level",
                                                "value": "none"
                                            }
                                        ]
                                    },
                                    {
                                        "traitReference": "is.localized.displayedAs",
                                        "arguments": [
                                            {
                                                "entityReference": {
                                                    "entityShape": "localizedTable",
                                                    "constantValues": [
                                                        [
                                                            "en",
                                                            "Track Stretch Target"
                                                        ]
                                                    ]
                                                }
                                            }
                                        ]
                                    },
                                    {
                                        "traitReference": "is.localized.describedAs",
                                        "arguments": [
                                            {
                                                "entityReference": {
                                                    "entityShape": "localizedTable",
                                                    "constantValues": [
                                                        [
                                                            "en",
                                                            "Indicates whether the goal metric tracks stretch targets."
                                                        ]
                                                    ]
                                                }
                                            }
                                        ]
                                    }
                                ],
                                "sourceName": "isstretchtracked",
                                "sourceOrdering": 104,
                                "isNullable": true,
                                "displayName": "Track Stretch Target",
                                "description": "Indicates whether the goal metric tracks stretch targets."
                            },
                            {
                                "relationship": "hasA",
                                "dataType": "string",
                                "name": "description",
                                "appliedTraits": [
                                    {
                                        "traitReference": "is.requiredAtLevel",
                                        "arguments": [
                                            {
                                                "name": "level",
                                                "value": "none"
                                            }
                                        ]
                                    },
                                    {
                                        "traitReference": "is.localized.displayedAs",
                                        "arguments": [
                                            {
                                                "entityReference": {
                                                    "entityShape": "localizedTable",
                                                    "constantValues": [
                                                        [
                                                            "en",
                                                            "Description"
                                                        ]
                                                    ]
                                                }
                                            }
                                        ]
                                    },
                                    {
                                        "traitReference": "is.localized.describedAs",
                                        "arguments": [
                                            {
                                                "entityReference": {
                                                    "entityShape": "localizedTable",
                                                    "constantValues": [
                                                        [
                                                            "en",
                                                            "Description of the goal metric."
                                                        ]
                                                    ]
                                                }
                                            }
                                        ]
                                    }
                                ],
                                "sourceName": "description",
                                "maximumLength": 2000,
                                "sourceOrdering": 126,
                                "isNullable": true,
                                "displayName": "Description",
                                "description": "Description of the goal metric."
                            }
                        ]
                    }
                }
            ]
        }
    ]
}