<ImportExportXml version="9.1.0.33" SolutionPackageVersion="9.1" languagecode="1033" generatedBy="CrmLive" xmlns:xsi="http://www.w3.org/2001/XMLSchema-instance">
  <SolutionManifest>
    <UniqueName>Dynamics365HigherEducationAccelerator</UniqueName>
    <LocalizedNames>
      <LocalizedName description="Dynamics 365 Higher Education Accelerator" languagecode="1033" />
    </LocalizedNames>
    <Descriptions>
      <Description description="Accelerator for Higher Education customers." languagecode="1033" />
    </Descriptions>
    <Version>1.0.1.5</Version>
    <Managed>1</Managed>
    <Publisher>
      <UniqueName>dynamics365highereducationaccelerator</UniqueName>
      <LocalizedNames>
        <LocalizedName description="Dynamics 365 Higher Education Accelerator" languagecode="1033" />
      </LocalizedNames>
      <Descriptions>
        <Description description="Dynamics 365 Higher Education Accelerator" languagecode="1033" />
      </Descriptions>
      <EMailAddress xsi:nil="true"></EMailAddress>
      <SupportingWebsiteUrl xsi:nil="true"></SupportingWebsiteUrl>
      <CustomizationPrefix>mshied</CustomizationPrefix>
      <CustomizationOptionValuePrefix>49428</CustomizationOptionValuePrefix>
      <Addresses>
        <Address>
          <AddressNumber>1</AddressNumber>
          <AddressTypeCode>1</AddressTypeCode>
          <City xsi:nil="true"></City>
          <County xsi:nil="true"></County>
          <Country xsi:nil="true"></Country>
          <Fax xsi:nil="true"></Fax>
          <FreightTermsCode xsi:nil="true"></FreightTermsCode>
          <ImportSequenceNumber xsi:nil="true"></ImportSequenceNumber>
          <Latitude xsi:nil="true"></Latitude>
          <Line1 xsi:nil="true"></Line1>
          <Line2 xsi:nil="true"></Line2>
          <Line3 xsi:nil="true"></Line3>
          <Longitude xsi:nil="true"></Longitude>
          <Name xsi:nil="true"></Name>
          <PostalCode xsi:nil="true"></PostalCode>
          <PostOfficeBox xsi:nil="true"></PostOfficeBox>
          <PrimaryContactName xsi:nil="true"></PrimaryContactName>
          <ShippingMethodCode>1</ShippingMethodCode>
          <StateOrProvince xsi:nil="true"></StateOrProvince>
          <Telephone1 xsi:nil="true"></Telephone1>
          <Telephone2 xsi:nil="true"></Telephone2>
          <Telephone3 xsi:nil="true"></Telephone3>
          <TimeZoneRuleVersionNumber xsi:nil="true"></TimeZoneRuleVersionNumber>
          <UPSZone xsi:nil="true"></UPSZone>
          <UTCOffset xsi:nil="true"></UTCOffset>
          <UTCConversionTimeZoneCode xsi:nil="true"></UTCConversionTimeZoneCode>
        </Address>
        <Address>
          <AddressNumber>2</AddressNumber>
          <AddressTypeCode>1</AddressTypeCode>
          <City xsi:nil="true"></City>
          <County xsi:nil="true"></County>
          <Country xsi:nil="true"></Country>
          <Fax xsi:nil="true"></Fax>
          <FreightTermsCode xsi:nil="true"></FreightTermsCode>
          <ImportSequenceNumber xsi:nil="true"></ImportSequenceNumber>
          <Latitude xsi:nil="true"></Latitude>
          <Line1 xsi:nil="true"></Line1>
          <Line2 xsi:nil="true"></Line2>
          <Line3 xsi:nil="true"></Line3>
          <Longitude xsi:nil="true"></Longitude>
          <Name xsi:nil="true"></Name>
          <PostalCode xsi:nil="true"></PostalCode>
          <PostOfficeBox xsi:nil="true"></PostOfficeBox>
          <PrimaryContactName xsi:nil="true"></PrimaryContactName>
          <ShippingMethodCode>1</ShippingMethodCode>
          <StateOrProvince xsi:nil="true"></StateOrProvince>
          <Telephone1 xsi:nil="true"></Telephone1>
          <Telephone2 xsi:nil="true"></Telephone2>
          <Telephone3 xsi:nil="true"></Telephone3>
          <TimeZoneRuleVersionNumber xsi:nil="true"></TimeZoneRuleVersionNumber>
          <UPSZone xsi:nil="true"></UPSZone>
          <UTCOffset xsi:nil="true"></UTCOffset>
          <UTCConversionTimeZoneCode xsi:nil="true"></UTCConversionTimeZoneCode>
        </Address>
      </Addresses>
    </Publisher>
    <RootComponents>
      <RootComponent type="1" schemaName="account" behavior="1" />
      <RootComponent type="1" schemaName="contact" behavior="1" />
      <RootComponent type="1" schemaName="customeraddress" behavior="1" />
      <RootComponent type="1" schemaName="mshied_academicperiod" behavior="0" />
      <RootComponent type="1" schemaName="mshied_academicperioddetails" behavior="0" />
      <RootComponent type="1" schemaName="mshied_areaofinterest" behavior="0" />
      <RootComponent type="1" schemaName="mshied_areaofstudy" behavior="0" />
      <RootComponent type="1" schemaName="mshied_course" behavior="0" />
      <RootComponent type="1" schemaName="mshied_coursehistory" behavior="0" />
      <RootComponent type="1" schemaName="mshied_coursesection" behavior="0" />
      <RootComponent type="1" schemaName="mshied_educationlevel" behavior="0" />
      <RootComponent type="1" schemaName="mshied_extracurricularactivities" behavior="0" />
      <RootComponent type="1" schemaName="mshied_extracurricularparticipant" behavior="0" />
      <RootComponent type="1" schemaName="mshied_previouseducation" behavior="0" />
      <RootComponent type="1" schemaName="mshied_program" behavior="0" />
      <RootComponent type="1" schemaName="mshied_programlevel" behavior="0" />
      <RootComponent type="1" schemaName="mshied_programversion" behavior="0" />
      <RootComponent type="1" schemaName="mshied_programversiondetail" behavior="0" />
      <RootComponent type="1" schemaName="mshied_registrationstatus" behavior="0" />
      <RootComponent type="1" schemaName="mshied_studentprogramtype" behavior="0" />
      <RootComponent type="1" schemaName="mshied_studentstatus" behavior="0" />
      <RootComponent type="1" schemaName="mshied_testscore" behavior="0" />
      <RootComponent type="1" schemaName="mshied_testtype" behavior="0" />
      <RootComponent type="1" schemaName="systemuser" behavior="0" />
      <RootComponent type="9" schemaName="mshied_sourcesystem" behavior="0" />
      <RootComponent type="60" id="{08ca35ed-4d19-4cbb-b751-d685f947280a}" behavior="0" />
      <RootComponent type="60" id="{10a86981-28ce-e811-a967-000d3a1c53e4}" behavior="0" />
      <RootComponent type="60" id="{1bc26617-6e30-465a-b532-4444b3e067dd}" behavior="0" />
      <RootComponent type="60" id="{1e589f3d-10c3-4c9d-9c6b-9d6935046d98}" behavior="0" />
      <RootComponent type="60" id="{2810d33d-ee9a-4d4b-8711-0a8efc6184ed}" behavior="0" />
      <RootComponent type="60" id="{5600d25a-db90-4213-afec-1d74b5a0c7fe}" behavior="0" />
      <RootComponent type="60" id="{5833d3bf-c38d-419e-8156-a16fe681abe2}" behavior="0" />
      <RootComponent type="60" id="{61ed2451-fa90-4529-8d49-39c9bf6cc92b}" behavior="0" />
      <RootComponent type="60" id="{679f53ee-88bc-42e6-806c-cf9c5762c94b}" behavior="0" />
      <RootComponent type="60" id="{78b71c30-ae51-4603-8549-46a7cb655e01}" behavior="0" />
      <RootComponent type="60" id="{82e4ea49-1a47-40b2-8f1a-94742cb06a5c}" behavior="0" />
      <RootComponent type="60" id="{849d4cfa-6d59-4a47-bcb9-3b04352607bc}" behavior="0" />
      <RootComponent type="60" id="{85e78804-2cae-4752-86fd-1f8541200ab9}" behavior="0" />
      <RootComponent type="60" id="{8cf350f2-5b92-46ca-bfe9-5bdacd3de8ac}" behavior="0" />
      <RootComponent type="60" id="{91d14055-12b2-4d18-9e7c-59603e5a2295}" behavior="0" />
      <RootComponent type="60" id="{94eb6fcd-3aa2-4b1f-9eea-f23da74df76f}" behavior="0" />
      <RootComponent type="60" id="{9c8e7ecf-2300-4062-b5cc-bf2e865d8c46}" behavior="0" />
      <RootComponent type="60" id="{a239b08b-65ba-421d-8f4b-0bc4f41c8a2e}" behavior="0" />
      <RootComponent type="60" id="{a9f0cb36-f395-4ff1-9552-707265a7d818}" behavior="0" />
      <RootComponent type="60" id="{aa3edfd3-561a-4b83-942c-c1087737d3e3}" behavior="0" />
      <RootComponent type="60" id="{c6650e6d-3230-40e7-a41a-7578c447105a}" behavior="0" />
      <RootComponent type="60" id="{d3ee6982-e236-4ec4-922a-48105dc85838}" behavior="0" />
      <RootComponent type="60" id="{dc419af9-8994-4f86-91db-8d0169c0ad4e}" behavior="0" />
      <RootComponent type="60" id="{ea999679-3984-4157-9957-5feb0cc6c986}" behavior="0" />
      <RootComponent type="60" id="{ef140875-b7e7-4469-809c-5f4ab700b1d1}" behavior="0" />
      <RootComponent type="60" id="{f2255de0-9cc7-488f-912b-42ee8dd6c167}" behavior="0" />
      <RootComponent type="61" schemaName="mshied_AcademicPeriod" behavior="0" />
      <RootComponent type="61" schemaName="mshied_AcademicPeriod16" behavior="0" />
      <RootComponent type="61" schemaName="mshied_academicperiodstatus" behavior="0" />
      <RootComponent type="61" schemaName="mshied_AcademicPeriodStatus16" behavior="0" />
      <RootComponent type="61" schemaName="mshied_AcademicPeriodStatusSVG" behavior="0" />
      <RootComponent type="61" schemaName="mshied_AcademicPeriodSVG" behavior="0" />
      <RootComponent type="61" schemaName="mshied_Address" behavior="0" />
      <RootComponent type="61" schemaName="mshied_Address16" behavior="0" />
      <RootComponent type="61" schemaName="mshied_AddressSVG" behavior="0" />
      <RootComponent type="61" schemaName="mshied_AreaofInterest" behavior="0" />
      <RootComponent type="61" schemaName="mshied_AreaofInterest16" behavior="0" />
      <RootComponent type="61" schemaName="mshied_AreaofInterestSVG" behavior="0" />
      <RootComponent type="61" schemaName="mshied_AreaofStudy" behavior="0" />
      <RootComponent type="61" schemaName="mshied_AreaofStudy16" behavior="0" />
      <RootComponent type="61" schemaName="mshied_AreaofStudySVG" behavior="0" />
      <RootComponent type="61" schemaName="mshied_Course" behavior="0" />
      <RootComponent type="61" schemaName="mshied_Course16" behavior="0" />
      <RootComponent type="61" schemaName="mshied_CourseHistory" behavior="0" />
      <RootComponent type="61" schemaName="mshied_CourseHistory16" behavior="0" />
      <RootComponent type="61" schemaName="mshied_CourseHistorySVG" behavior="0" />
      <RootComponent type="61" schemaName="mshied_CourseSVG" behavior="0" />
      <RootComponent type="61" schemaName="mshied_EducationLevel" behavior="0" />
      <RootComponent type="61" schemaName="mshied_EducationLevel16" behavior="0" />
      <RootComponent type="61" schemaName="mshied_EducationLevelSVG" behavior="0" />
      <RootComponent type="61" schemaName="mshied_ExtraCurricular" behavior="0" />
      <RootComponent type="61" schemaName="mshied_ExtraCurricular16" behavior="0" />
      <RootComponent type="61" schemaName="mshied_ExtraCurricularSVG" behavior="0" />
      <RootComponent type="61" schemaName="mshied_Graduate" behavior="0" />
      <RootComponent type="61" schemaName="mshied_HigherEdIconforUI2" behavior="0" />
      <RootComponent type="61" schemaName="mshied_HigherEdPNGApp" behavior="0" />
      <RootComponent type="61" schemaName="mshied_HigherEducationApp" behavior="0" />
      <RootComponent type="61" schemaName="mshied_PreviousEducation" behavior="0" />
      <RootComponent type="61" schemaName="mshied_PreviousEducation16" behavior="0" />
      <RootComponent type="61" schemaName="mshied_PreviousEducationSVG" behavior="0" />
      <RootComponent type="61" schemaName="mshied_Program" behavior="0" />
      <RootComponent type="61" schemaName="mshied_Program16" behavior="0" />
      <RootComponent type="61" schemaName="mshied_ProgramLevel" behavior="0" />
      <RootComponent type="61" schemaName="mshied_ProgramLevel16" behavior="0" />
      <RootComponent type="61" schemaName="mshied_ProgramLevelSVG" behavior="0" />
      <RootComponent type="61" schemaName="mshied_ProgramSVG" behavior="0" />
      <RootComponent type="61" schemaName="mshied_ProgramVersion" behavior="0" />
      <RootComponent type="61" schemaName="mshied_ProgramVersion16" behavior="0" />
      <RootComponent type="61" schemaName="mshied_ProgramVersionDetails" behavior="0" />
      <RootComponent type="61" schemaName="mshied_ProgramVersionDetails16" behavior="0" />
      <RootComponent type="61" schemaName="mshied_ProgramVersionDetailsSVG" behavior="0" />
      <RootComponent type="61" schemaName="mshied_ProgramVersionSVG" behavior="0" />
      <RootComponent type="61" schemaName="mshied_RegistrationStatus" behavior="0" />
      <RootComponent type="61" schemaName="mshied_RegistrationStatus16" behavior="0" />
      <RootComponent type="61" schemaName="mshied_RegistrationStatusSVG" behavior="0" />
      <RootComponent type="61" schemaName="mshied_Role" behavior="0" />
      <RootComponent type="61" schemaName="mshied_Role16" behavior="0" />
      <RootComponent type="61" schemaName="mshied_RoleSVG" behavior="0" />
      <RootComponent type="61" schemaName="mshied_SchoolStatus" behavior="0" />
      <RootComponent type="61" schemaName="mshied_SchoolStatus16" behavior="0" />
      <RootComponent type="61" schemaName="mshied_SchoolStatusSVG" behavior="0" />
      <RootComponent type="61" schemaName="mshied_StaffCourse" behavior="0" />
      <RootComponent type="61" schemaName="mshied_StaffCourse16" behavior="0" />
      <RootComponent type="61" schemaName="mshied_StaffCourseSVG" behavior="0" />
      <RootComponent type="61" schemaName="mshied_StudentCategory" behavior="0" />
      <RootComponent type="61" schemaName="mshied_StudentCategory16" behavior="0" />
      <RootComponent type="61" schemaName="mshied_StudentCategorySVG" behavior="0" />
      <RootComponent type="61" schemaName="mshied_StudentExtraCurricular" behavior="0" />
      <RootComponent type="61" schemaName="mshied_StudentExtraCurricular16" behavior="0" />
      <RootComponent type="61" schemaName="mshied_StudentExtraCurricularSVG" behavior="0" />
      <RootComponent type="61" schemaName="mshied_StudentProgramType" behavior="0" />
      <RootComponent type="61" schemaName="mshied_StudentProgramType16" behavior="0" />
      <RootComponent type="61" schemaName="mshied_StudentProgramTypeSVG" behavior="0" />
      <RootComponent type="61" schemaName="mshied_TestScore" behavior="0" />
      <RootComponent type="61" schemaName="mshied_TestScore16" behavior="0" />
      <RootComponent type="61" schemaName="mshied_TestScoreSVG" behavior="0" />
      <RootComponent type="61" schemaName="mshied_TestType" behavior="0" />
      <RootComponent type="61" schemaName="mshied_TestType16" behavior="0" />
      <RootComponent type="61" schemaName="mshied_TestTypeSVG" behavior="0" />
      <RootComponent type="62" schemaName="mshied_HigherEd" behavior="0" />
      <RootComponent type="62" behavior="0" />
      <RootComponent type="80" schemaName="mshied_HigherEd" behavior="0" />
    </RootComponents>
    <MissingDependencies>
      <MissingDependency>
        <Required key="0" type="1" schemaName="msdyn_wallsavedqueryusersettings" displayName="Filter" solution="ActivityFeedsCore (9.0.0.0)" />
        <Dependent key="1" type="1" schemaName="systemuser" displayName="User" />
      </MissingDependency>
      <MissingDependency>
        <Required key="2" type="1" schemaName="lead" displayName="Lead" solution="msdynce_LeadManagement (9.0.4.0066)" />
        <Dependent key="3" type="62" />
      </MissingDependency>
      <MissingDependency>
        <Required key="4" type="1" schemaName="competitor" displayName="Competitor" solution="msdynce_Sales (9.0.4.0076)" />
        <Dependent key="3" type="62" />
      </MissingDependency>
      <MissingDependency>
        <Required key="5" type="1" schemaName="opportunitysalesprocess" displayName="Opportunity Sales Process" solution="msdynce_Sales (9.0.4.0076)" />
        <Dependent key="3" type="62" />
      </MissingDependency>
      <MissingDependency>
        <Required key="6" type="1" schemaName="contract" displayName="Contract" solution="msdynce_Service (9.0.5.56)" />
        <Dependent key="3" type="62" />
      </MissingDependency>
      <MissingDependency>
        <Required key="7" type="1" schemaName="bulkoperation" displayName="Quick Campaign" solution="msdynce_Marketing (9.0.4.37)" />
        <Dependent key="3" type="62" />
      </MissingDependency>
      <MissingDependency>
        <Required key="8" type="1" schemaName="invoice" displayName="Invoice" solution="msdynce_Sales (9.0.4.0076)" />
        <Dependent key="3" type="62" />
      </MissingDependency>
      <MissingDependency>
        <Required key="9" type="1" schemaName="incident" displayName="Case" solution="msdynce_Service (9.0.5.56)" />
        <Dependent key="3" type="62" />
      </MissingDependency>
      <MissingDependency>
        <Required key="10" type="1" schemaName="salesliterature" displayName="Sales Literature" solution="msdynce_Sales (9.0.4.0076)" />
        <Dependent key="3" type="62" />
      </MissingDependency>
      <MissingDependency>
        <Required key="11" type="1" schemaName="msdyn_postconfig" displayName="Post Configuration" solution="ActivityFeedsCore (9.0.0.0)" />
        <Dependent key="3" type="62" />
      </MissingDependency>
      <MissingDependency>
        <Required key="12" type="1" schemaName="list" displayName="Marketing List" solution="msdynce_Marketing (9.0.4.37)" />
        <Dependent key="3" type="62" />
      </MissingDependency>
      <MissingDependency>
        <Required key="13" type="1" schemaName="service" displayName="Service" solution="msdynce_Service (9.0.5.56)" />
        <Dependent key="3" type="62" />
      </MissingDependency>
      <MissingDependency>
        <Required key="14" type="1" schemaName="phonetocaseprocess" displayName="Phone To Case Process" solution="msdynce_Service (9.0.5.56)" />
        <Dependent key="3" type="62" />
      </MissingDependency>
      <MissingDependency>
        <Required key="15" type="1" schemaName="opportunity" displayName="Opportunity" solution="msdynce_Sales (9.0.4.0076)" />
        <Dependent key="3" type="62" />
      </MissingDependency>
      <MissingDependency>
        <Required key="16" type="1" schemaName="msdyn_postruleconfig" displayName="Post Rule Configuration" solution="ActivityFeedsCore (9.0.0.0)" />
        <Dependent key="3" type="62" />
      </MissingDependency>
      <MissingDependency>
        <Required key="17" type="1" schemaName="leadtoopportunitysalesprocess" displayName="Lead To Opportunity Sales Process" solution="msdynce_Sales (9.0.4.0076)" />
        <Dependent key="3" type="62" />
      </MissingDependency>
      <MissingDependency>
        <Required key="18" type="1" schemaName="quote" displayName="Quote" solution="msdynce_Sales (9.0.4.0076)" />
        <Dependent key="3" type="62" />
      </MissingDependency>
      <MissingDependency>
        <Required key="19" type="1" schemaName="product" displayName="Product" solution="msdynce_ProductManagement (9.0.4.0066)" />
        <Dependent key="3" type="62" />
      </MissingDependency>
      <MissingDependency>
        <Required key="20" type="1" schemaName="campaign" displayName="Campaign" solution="msdynce_Marketing (9.0.4.37)" />
        <Dependent key="3" type="62" />
      </MissingDependency>
      <MissingDependency>
        <Required key="21" type="1" schemaName="salesorder" displayName="Order" solution="msdynce_Sales (9.0.4.0076)" />
        <Dependent key="3" type="62" />
      </MissingDependency>
      <MissingDependency>
        <Required key="22" type="2" schemaName="territoryid" displayName="Territory" parentSchemaName="systemuser" parentDisplayName="User" solution="msdynce_AppCommon (9.0.4.0066)" />
        <Dependent key="23" type="60" displayName="Information" parentDisplayName="User" id="{c0d7d7dd-afd0-4675-85fe-1cc5a48be6df}" />
      </MissingDependency>
      <MissingDependency>
        <Required key="22" type="2" schemaName="territoryid" displayName="Territory" parentSchemaName="systemuser" parentDisplayName="User" solution="msdynce_AppCommon (9.0.4.0066)" />
        <Dependent key="24" type="60" displayName="Higher Education User Form" parentDisplayName="User" id="{91d14055-12b2-4d18-9e7c-59603e5a2295}" />
      </MissingDependency>
      <MissingDependency>
        <Required key="25" type="2" schemaName="siteid" displayName="Site" parentSchemaName="systemuser" parentDisplayName="User" solution="msdynce_Service (9.0.5.56)" />
        <Dependent key="23" type="60" displayName="Information" parentDisplayName="User" id="{c0d7d7dd-afd0-4675-85fe-1cc5a48be6df}" />
      </MissingDependency>
      <MissingDependency>
        <Required key="25" type="2" schemaName="siteid" displayName="Site" parentSchemaName="systemuser" parentDisplayName="User" solution="msdynce_Service (9.0.5.56)" />
        <Dependent key="24" type="60" displayName="Higher Education User Form" parentDisplayName="User" id="{91d14055-12b2-4d18-9e7c-59603e5a2295}" />
      </MissingDependency>
      <MissingDependency>
        <Required key="26" type="26" schemaName="All Institutions" displayName="All Institutions" parentSchemaName="account" parentDisplayName="Account" solution="msdynce_AppCommon (9.0.4.0066)" id="{65ffaf9a-e8c5-432d-860b-32f841b00d87}" />
        <Dependent key="26" type="26" schemaName="All Institutions" displayName="All Institutions" parentSchemaName="account" parentDisplayName="Account" id="{65ffaf9a-e8c5-432d-860b-32f841b00d87}" />
      </MissingDependency>
      <MissingDependency>
        <Required key="27" type="61" schemaName="msdyn_/ActivityFeeds.Form.js" displayName="msdyn_/ActivityFeeds.Form.js" solution="ActivityFeedsCore (9.0.0.0)" />
        <Dependent key="23" type="60" displayName="Information" parentDisplayName="User" id="{c0d7d7dd-afd0-4675-85fe-1cc5a48be6df}" />
      </MissingDependency>
      <MissingDependency>
        <Required key="28" type="61" schemaName="AppCommon/Contact/Contact_main_system_library.js" displayName="AppCommon/Contact/Contact_main_system_library.js" solution="msdynce_AppCommon (9.0.4.0066)" />
        <Dependent key="29" type="60" displayName="Higher Education Faculty Form" parentDisplayName="Contact" id="{94eb6fcd-3aa2-4b1f-9eea-f23da74df76f}" />
      </MissingDependency>
      <MissingDependency>
        <Required key="30" type="61" schemaName="msdyn_talkingpointsloader.js" displayName="msdyn_talkingpointsloader.js" solution="Icebreakers (9.0.1.7097)" />
        <Dependent key="29" type="60" displayName="Higher Education Faculty Form" parentDisplayName="Contact" id="{94eb6fcd-3aa2-4b1f-9eea-f23da74df76f}" />
      </MissingDependency>
      <MissingDependency>
        <Required key="30" type="61" schemaName="msdyn_talkingpointsloader.js" displayName="msdyn_talkingpointsloader.js" solution="Icebreakers (9.0.1.7097)" />
        <Dependent key="31" type="60" displayName="Higher Education Student Form" parentDisplayName="Contact" id="{dc419af9-8994-4f86-91db-8d0169c0ad4e}" />
      </MissingDependency>
      <MissingDependency>
        <Required key="32" type="61" schemaName="msdyn_appmanagementcontrol" displayName="msdyn_appmanagementcontrol" solution="AppModuleWebResources (2.5)" />
        <Dependent key="3" type="62" />
      </MissingDependency>
      <MissingDependency>
        <Required key="33" type="61" schemaName="msdyn_/PersonalWall.htm" displayName="msdyn_/PersonalWall.htm" solution="ActivityFeedsCore (9.0.0.0)" />
        <Dependent key="3" type="62" />
      </MissingDependency>
      <MissingDependency>
        <Required key="34" type="61" schemaName="msdyn_/RecordWall.htm" displayName="msdyn_/RecordWall.htm" solution="ActivityFeedsCore (9.0.0.0)" />
        <Dependent key="23" type="60" displayName="Information" parentDisplayName="User" id="{c0d7d7dd-afd0-4675-85fe-1cc5a48be6df}" />
      </MissingDependency>
      <MissingDependency>
        <Required key="35" type="61" schemaName="msdyn_/Images/Wall_16.png" displayName="msdyn_/Images/Wall_16.png" solution="ActivityFeedsCore (9.0.0.0)" />
        <Dependent key="3" type="62" />
      </MissingDependency>
    </MissingDependencies>
  </SolutionManifest>
</ImportExportXml>