<ImportExportXml version="9.0.2.2078" SolutionPackageVersion="9.0" languagecode="1033" generatedBy="CrmLive" xmlns:xsi="http://www.w3.org/2001/XMLSchema-instance">
  <SolutionManifest>
    <UniqueName>MicrosoftDynamics365NonprofitAccelerator</UniqueName>
    <LocalizedNames>
      <LocalizedName description="Microsoft Dynamics 365 Nonprofit Accelerator" languagecode="1033" />
    </LocalizedNames>
    <Descriptions />
    <Version>1.0.1</Version>
    <Managed>1</Managed>
    <Publisher>
      <UniqueName>microsoftdynamics365nonprofitaccelerator</UniqueName>
      <LocalizedNames>
        <LocalizedName description="Microsoft Dynamics 365 Nonprofit Accelerator" languagecode="1033" />
      </LocalizedNames>
      <Descriptions />
      <EMailAddress xsi:nil="true"></EMailAddress>
      <SupportingWebsiteUrl xsi:nil="true"></SupportingWebsiteUrl>
      <CustomizationPrefix>msnfp</CustomizationPrefix>
      <CustomizationOptionValuePrefix>84406</CustomizationOptionValuePrefix>
      <Addresses>
        <Address>
          <AddressNumber>1</AddressNumber>
          <AddressTypeCode>1</AddressTypeCode>
          <City xsi:nil="true"></City>
          <County xsi:nil="true"></County>
          <Country xsi:nil="true"></Country>
          <Fax xsi:nil="true"></Fax>
          <FreightTermsCode xsi:nil="true"></FreightTermsCode>
          <ImportSequenceNumber xsi:nil="true"></ImportSequenceNumber>
          <Latitude xsi:nil="true"></Latitude>
          <Line1 xsi:nil="true"></Line1>
          <Line2 xsi:nil="true"></Line2>
          <Line3 xsi:nil="true"></Line3>
          <Longitude xsi:nil="true"></Longitude>
          <Name xsi:nil="true"></Name>
          <PostalCode xsi:nil="true"></PostalCode>
          <PostOfficeBox xsi:nil="true"></PostOfficeBox>
          <PrimaryContactName xsi:nil="true"></PrimaryContactName>
          <ShippingMethodCode>1</ShippingMethodCode>
          <StateOrProvince xsi:nil="true"></StateOrProvince>
          <Telephone1 xsi:nil="true"></Telephone1>
          <Telephone2 xsi:nil="true"></Telephone2>
          <Telephone3 xsi:nil="true"></Telephone3>
          <TimeZoneRuleVersionNumber xsi:nil="true"></TimeZoneRuleVersionNumber>
          <UPSZone xsi:nil="true"></UPSZone>
          <UTCOffset xsi:nil="true"></UTCOffset>
          <UTCConversionTimeZoneCode xsi:nil="true"></UTCConversionTimeZoneCode>
        </Address>
        <Address>
          <AddressNumber>2</AddressNumber>
          <AddressTypeCode>1</AddressTypeCode>
          <City xsi:nil="true"></City>
          <County xsi:nil="true"></County>
          <Country xsi:nil="true"></Country>
          <Fax xsi:nil="true"></Fax>
          <FreightTermsCode xsi:nil="true"></FreightTermsCode>
          <ImportSequenceNumber xsi:nil="true"></ImportSequenceNumber>
          <Latitude xsi:nil="true"></Latitude>
          <Line1 xsi:nil="true"></Line1>
          <Line2 xsi:nil="true"></Line2>
          <Line3 xsi:nil="true"></Line3>
          <Longitude xsi:nil="true"></Longitude>
          <Name xsi:nil="true"></Name>
          <PostalCode xsi:nil="true"></PostalCode>
          <PostOfficeBox xsi:nil="true"></PostOfficeBox>
          <PrimaryContactName xsi:nil="true"></PrimaryContactName>
          <ShippingMethodCode>1</ShippingMethodCode>
          <StateOrProvince xsi:nil="true"></StateOrProvince>
          <Telephone1 xsi:nil="true"></Telephone1>
          <Telephone2 xsi:nil="true"></Telephone2>
          <Telephone3 xsi:nil="true"></Telephone3>
          <TimeZoneRuleVersionNumber xsi:nil="true"></TimeZoneRuleVersionNumber>
          <UPSZone xsi:nil="true"></UPSZone>
          <UTCOffset xsi:nil="true"></UTCOffset>
          <UTCConversionTimeZoneCode xsi:nil="true"></UTCConversionTimeZoneCode>
        </Address>
      </Addresses>
    </Publisher>
    <RootComponents>
      <RootComponent type="1" schemaName="account" behavior="1" />
      <RootComponent type="1" schemaName="campaign" behavior="0" />
      <RootComponent type="1" schemaName="contact" behavior="1" />
      <RootComponent type="1" schemaName="customeraddress" behavior="1" />
      <RootComponent type="1" schemaName="msnfp_amendment" behavior="0" />
      <RootComponent type="1" schemaName="msnfp_benchmark" behavior="0" />
      <RootComponent type="1" schemaName="msnfp_benchmarkupdate" behavior="0" />
      <RootComponent type="1" schemaName="msnfp_budget" behavior="0" />
      <RootComponent type="1" schemaName="msnfp_contributingprogram" behavior="0" />
      <RootComponent type="1" schemaName="msnfp_creditplan" behavior="0" />
      <RootComponent type="1" schemaName="msnfp_creditrecipient" behavior="0" />
      <RootComponent type="1" schemaName="msnfp_designation" behavior="0" />
      <RootComponent type="1" schemaName="msnfp_designationplan" behavior="0" />
      <RootComponent type="1" schemaName="msnfp_docket" behavior="0" />
      <RootComponent type="1" schemaName="msnfp_donorcommitment" behavior="0" />
      <RootComponent type="1" schemaName="msnfp_education" behavior="0" />
      <RootComponent type="1" schemaName="msnfp_employmenthistory" behavior="0" />
      <RootComponent type="1" schemaName="msnfp_grantaward" behavior="0" />
      <RootComponent type="1" schemaName="msnfp_grantpayment" behavior="0" />
      <RootComponent type="1" schemaName="msnfp_grantrequest" behavior="0" />
      <RootComponent type="1" schemaName="msnfp_lead" behavior="0" />
      <RootComponent type="1" schemaName="msnfp_objective" behavior="0" />
      <RootComponent type="1" schemaName="msnfp_paymentasset" behavior="0" />
      <RootComponent type="1" schemaName="msnfp_paymentschedule" behavior="0" />
      <RootComponent type="1" schemaName="msnfp_plannedgiving" behavior="0" />
      <RootComponent type="1" schemaName="msnfp_preference" behavior="0" />
      <RootComponent type="1" schemaName="msnfp_program" behavior="0" />
      <RootComponent type="1" schemaName="msnfp_recommendation" behavior="0" />
      <RootComponent type="1" schemaName="msnfp_report" behavior="0" />
      <RootComponent type="1" schemaName="msnfp_review" behavior="0" />
      <RootComponent type="1" schemaName="msnfp_salutation" behavior="0" />
      <RootComponent type="1" schemaName="msnfp_transaction" behavior="0" />
      <RootComponent type="1" schemaName="msnfp_tribute" behavior="0" />
      <RootComponent type="1" schemaName="opportunity" behavior="0" />
      <RootComponent type="9" schemaName="msnfp_addressstatusreason" behavior="0" />
      <RootComponent type="9" schemaName="msnfp_adjustmentreason" behavior="0" />
      <RootComponent type="9" schemaName="msnfp_adjustmenttype" behavior="0" />
      <RootComponent type="9" schemaName="msnfp_affiliationrole" behavior="0" />
      <RootComponent type="9" schemaName="msnfp_agerange" behavior="0" />
      <RootComponent type="9" schemaName="msnfp_bankaccounttype" behavior="0" />
      <RootComponent type="9" schemaName="msnfp_bequestsource" behavior="0" />
      <RootComponent type="9" schemaName="msnfp_collegetype" behavior="0" />
      <RootComponent type="9" schemaName="msnfp_commchannel" behavior="0" />
      <RootComponent type="9" schemaName="msnfp_commitmentstatus" behavior="0" />
      <RootComponent type="9" schemaName="msnfp_commitmenttype" behavior="0" />
      <RootComponent type="9" schemaName="msnfp_constituenttype" behavior="0" />
      <RootComponent type="9" schemaName="msnfp_contacttitle" behavior="0" />
      <RootComponent type="9" schemaName="msnfp_creditcardissuer" behavior="0" />
      <RootComponent type="9" schemaName="msnfp_credittype" behavior="0" />
      <RootComponent type="9" schemaName="msnfp_dataentrytype" behavior="0" />
      <RootComponent type="9" schemaName="msnfp_daysofmonth" behavior="0" />
      <RootComponent type="9" schemaName="msnfp_degreetype" behavior="0" />
      <RootComponent type="9" schemaName="msnfp_designationrestrictiontype" behavior="0" />
      <RootComponent type="9" schemaName="msnfp_educationdepartment" behavior="0" />
      <RootComponent type="9" schemaName="msnfp_educationmajor" behavior="0" />
      <RootComponent type="9" schemaName="msnfp_endowmenttype" behavior="0" />
      <RootComponent type="9" schemaName="msnfp_ethnicity" behavior="0" />
      <RootComponent type="9" schemaName="msnfp_gender" behavior="0" />
      <RootComponent type="9" schemaName="msnfp_installmentroundingpreference" behavior="0" />
      <RootComponent type="9" schemaName="msnfp_lifeeventtype" behavior="0" />
      <RootComponent type="9" schemaName="msnfp_maritalstatus" behavior="0" />
      <RootComponent type="9" schemaName="msnfp_matchingdistributionfrequency" behavior="0" />
      <RootComponent type="9" schemaName="msnfp_monthname" behavior="0" />
      <RootComponent type="9" schemaName="msnfp_paymentassetcategory" behavior="0" />
      <RootComponent type="9" schemaName="msnfp_paymentassetsubcategory" behavior="0" />
      <RootComponent type="9" schemaName="msnfp_paymentassettype" behavior="0" />
      <RootComponent type="9" schemaName="msnfp_paymentmethodauthstatus" behavior="0" />
      <RootComponent type="9" schemaName="msnfp_paymentmethodtype" behavior="0" />
      <RootComponent type="9" schemaName="msnfp_paymentschedulestatus" behavior="0" />
      <RootComponent type="9" schemaName="msnfp_plannedgivingstage" behavior="0" />
      <RootComponent type="9" schemaName="msnfp_plannedgivingtermtype" behavior="0" />
      <RootComponent type="9" schemaName="msnfp_plannedgivingtype" behavior="0" />
      <RootComponent type="9" schemaName="msnfp_recurrencefrequency" behavior="0" />
      <RootComponent type="9" schemaName="msnfp_region" behavior="0" />
      <RootComponent type="9" schemaName="msnfp_relationshiprole" behavior="0" />
      <RootComponent type="9" schemaName="msnfp_restrictiontype" behavior="0" />
      <RootComponent type="9" schemaName="msnfp_softcreditreason" behavior="0" />
      <RootComponent type="9" schemaName="msnfp_summaryperiodtypes" behavior="0" />
      <RootComponent type="9" schemaName="msnfp_transactionstatus" behavior="0" />
      <RootComponent type="9" schemaName="msnfp_tributedeliverytype" behavior="0" />
      <RootComponent type="9" schemaName="msnfp_tributetype" behavior="0" />
      <RootComponent type="60" id="{f7e6d29b-1e3e-e711-80e1-00155d871bb4}" behavior="0" />
    </RootComponents>
    <MissingDependencies>
      <MissingDependency>
        <Required key="0" type="1" schemaName="campaign" displayName="Campaign" solution="msdynce_Marketing (9.0.4.37)" />
        <Dependent key="1" type="2" schemaName="createdbyname" parentSchemaName="campaign" parentDisplayName="Campaign" />
      </MissingDependency>
      <MissingDependency>
        <Required key="2" type="1" schemaName="opportunity" displayName="Opportunity" solution="msdynce_Sales (9.0.4.0076)" />
        <Dependent key="3" type="2" schemaName="msnfp_link2name" parentSchemaName="opportunity" parentDisplayName="Opportunity" />
      </MissingDependency>
      <MissingDependency>
        <Required key="0" type="1" schemaName="campaign" displayName="Campaign" solution="msdynce_Marketing (9.0.4.37)" />
        <Dependent key="4" type="2" schemaName="msnfp_campaigncategoryname" parentSchemaName="campaign" parentDisplayName="Campaign" />
      </MissingDependency>
      <MissingDependency>
        <Required key="2" type="1" schemaName="opportunity" displayName="Opportunity" solution="msdynce_Sales (9.0.4.0076)" />
        <Dependent key="5" type="2" schemaName="msnfp_opportunityidname" parentSchemaName="opportunity" parentDisplayName="Opportunity" />
      </MissingDependency>
      <MissingDependency>
        <Required key="0" type="1" schemaName="campaign" displayName="Campaign" solution="msdynce_Marketing (9.0.4.37)" />
        <Dependent key="6" type="2" schemaName="msnfp_effort" displayName="Effort" parentSchemaName="campaign" parentDisplayName="Campaign" />
      </MissingDependency>
      <MissingDependency>
        <Required key="2" type="1" schemaName="opportunity" displayName="Opportunity" solution="msdynce_Sales (9.0.4.0076)" />
        <Dependent key="7" type="2" schemaName="slaname" parentSchemaName="opportunity" parentDisplayName="Opportunity" />
      </MissingDependency>
      <MissingDependency>
        <Required key="2" type="1" schemaName="opportunity" displayName="Opportunity" solution="msdynce_Sales (9.0.4.0076)" />
        <Dependent key="2" type="1" schemaName="opportunity" displayName="Opportunity" />
      </MissingDependency>
      <MissingDependency>
        <Required key="2" type="1" schemaName="opportunity" displayName="Opportunity" solution="msdynce_Sales (9.0.4.0076)" />
        <Dependent key="8" type="2" schemaName="msnfp_askreadiness" displayName="Ask Readiness" parentSchemaName="opportunity" parentDisplayName="Opportunity" />
      </MissingDependency>
      <MissingDependency>
        <Required key="2" type="1" schemaName="opportunity" displayName="Opportunity" solution="msdynce_Sales (9.0.4.0076)" />
        <Dependent key="9" type="2" schemaName="msnfp_solicitationtype" displayName="Solicitation Type" parentSchemaName="opportunity" parentDisplayName="Opportunity" />
      </MissingDependency>
      <MissingDependency>
        <Required key="0" type="1" schemaName="campaign" displayName="Campaign" solution="msdynce_Marketing (9.0.4.37)" />
        <Dependent key="10" type="2" schemaName="msnfp_originatingcampaignid" displayName="Originating Campaign" parentSchemaName="campaign" parentDisplayName="Campaign" />
      </MissingDependency>
      <MissingDependency>
        <Required key="2" type="1" schemaName="opportunity" displayName="Opportunity" solution="msdynce_Sales (9.0.4.0076)" />
        <Dependent key="11" type="2" schemaName="owneridname" parentSchemaName="opportunity" parentDisplayName="Opportunity" />
      </MissingDependency>
      <MissingDependency>
        <Required key="2" type="1" schemaName="opportunity" displayName="Opportunity" solution="msdynce_Sales (9.0.4.0076)" />
        <Dependent key="12" type="2" schemaName="slainvokedidname" parentSchemaName="opportunity" parentDisplayName="Opportunity" />
      </MissingDependency>
      <MissingDependency>
        <Required key="2" type="1" schemaName="opportunity" displayName="Opportunity" solution="msdynce_Sales (9.0.4.0076)" />
        <Dependent key="13" type="2" schemaName="customeridyominame" parentSchemaName="opportunity" parentDisplayName="Opportunity" />
      </MissingDependency>
      <MissingDependency>
        <Required key="2" type="1" schemaName="opportunity" displayName="Opportunity" solution="msdynce_Sales (9.0.4.0076)" />
        <Dependent key="14" type="2" schemaName="modifiedbyname" parentSchemaName="opportunity" parentDisplayName="Opportunity" />
      </MissingDependency>
      <MissingDependency>
        <Required key="0" type="1" schemaName="campaign" displayName="Campaign" solution="msdynce_Marketing (9.0.4.37)" />
        <Dependent key="15" type="2" schemaName="msnfp_plannedgivingcampaignidname" parentSchemaName="campaign" parentDisplayName="Campaign" />
      </MissingDependency>
      <MissingDependency>
        <Required key="0" type="1" schemaName="campaign" displayName="Campaign" solution="msdynce_Marketing (9.0.4.37)" />
        <Dependent key="16" type="2" schemaName="createdonbehalfbyname" parentSchemaName="campaign" parentDisplayName="Campaign" />
      </MissingDependency>
      <MissingDependency>
        <Required key="2" type="1" schemaName="opportunity" displayName="Opportunity" solution="msdynce_Sales (9.0.4.0076)" />
        <Dependent key="17" type="2" schemaName="pricelevelidname" parentSchemaName="opportunity" parentDisplayName="Opportunity" />
      </MissingDependency>
      <MissingDependency>
        <Required key="0" type="1" schemaName="campaign" displayName="Campaign" solution="msdynce_Marketing (9.0.4.37)" />
        <Dependent key="18" type="2" schemaName="msnfp_appealsegment" displayName="Appeal Segment" parentSchemaName="campaign" parentDisplayName="Campaign" />
      </MissingDependency>
      <MissingDependency>
        <Required key="2" type="1" schemaName="opportunity" displayName="Opportunity" solution="msdynce_Sales (9.0.4.0076)" />
        <Dependent key="19" type="2" schemaName="customeridtype" displayName="Potential Customer Type" parentSchemaName="opportunity" parentDisplayName="Opportunity" />
      </MissingDependency>
      <MissingDependency>
        <Required key="0" type="1" schemaName="campaign" displayName="Campaign" solution="msdynce_Marketing (9.0.4.37)" />
        <Dependent key="20" type="2" schemaName="msnfp_averagegift" displayName="Average Gift" parentSchemaName="campaign" parentDisplayName="Campaign" />
      </MissingDependency>
      <MissingDependency>
        <Required key="0" type="1" schemaName="campaign" displayName="Campaign" solution="msdynce_Marketing (9.0.4.37)" />
        <Dependent key="0" type="1" schemaName="campaign" displayName="Campaign" />
      </MissingDependency>
      <MissingDependency>
        <Required key="2" type="1" schemaName="opportunity" displayName="Opportunity" solution="msdynce_Sales (9.0.4.0076)" />
        <Dependent key="21" type="2" schemaName="owneridyominame" parentSchemaName="opportunity" parentDisplayName="Opportunity" />
      </MissingDependency>
      <MissingDependency>
        <Required key="2" type="1" schemaName="opportunity" displayName="Opportunity" solution="msdynce_Sales (9.0.4.0076)" />
        <Dependent key="22" type="2" schemaName="contactidyominame" parentSchemaName="opportunity" parentDisplayName="Opportunity" />
      </MissingDependency>
      <MissingDependency>
        <Required key="0" type="1" schemaName="campaign" displayName="Campaign" solution="msdynce_Marketing (9.0.4.37)" />
        <Dependent key="23" type="2" schemaName="createdbyyominame" parentSchemaName="campaign" parentDisplayName="Campaign" />
      </MissingDependency>
      <MissingDependency>
        <Required key="2" type="1" schemaName="opportunity" displayName="Opportunity" solution="msdynce_Sales (9.0.4.0076)" />
        <Dependent key="24" type="2" schemaName="originatingleadidname" parentSchemaName="opportunity" parentDisplayName="Opportunity" />
      </MissingDependency>
      <MissingDependency>
        <Required key="2" type="1" schemaName="opportunity" displayName="Opportunity" solution="msdynce_Sales (9.0.4.0076)" />
        <Dependent key="25" type="2" schemaName="parentcontactidname" parentSchemaName="opportunity" parentDisplayName="Opportunity" />
      </MissingDependency>
      <MissingDependency>
        <Required key="2" type="1" schemaName="opportunity" displayName="Opportunity" solution="msdynce_Sales (9.0.4.0076)" />
        <Dependent key="26" type="2" schemaName="msnfp_affiliationname" parentSchemaName="opportunity" parentDisplayName="Opportunity" />
      </MissingDependency>
      <MissingDependency>
        <Required key="2" type="1" schemaName="opportunity" displayName="Opportunity" solution="msdynce_Sales (9.0.4.0076)" />
        <Dependent key="27" type="2" schemaName="msnfp_link3" displayName="Link # 3" parentSchemaName="opportunity" parentDisplayName="Opportunity" />
      </MissingDependency>
      <MissingDependency>
        <Required key="2" type="1" schemaName="opportunity" displayName="Opportunity" solution="msdynce_Sales (9.0.4.0076)" />
        <Dependent key="28" type="26" schemaName="Opportunities I Follow" displayName="Opportunities I Follow" parentSchemaName="opportunity" parentDisplayName="Opportunity" id="{b2a4f916-5f90-e011-95ae-00155d9cfa02}" />
      </MissingDependency>
      <MissingDependency>
        <Required key="0" type="1" schemaName="campaign" displayName="Campaign" solution="msdynce_Marketing (9.0.4.37)" />
        <Dependent key="29" type="2" schemaName="msnfp_designationplancampaignid" displayName="Campaign" parentSchemaName="campaign" parentDisplayName="Campaign" />
      </MissingDependency>
      <MissingDependency>
        <Required key="2" type="1" schemaName="opportunity" displayName="Opportunity" solution="msdynce_Sales (9.0.4.0076)" />
        <Dependent key="30" type="2" schemaName="owneridtype" parentSchemaName="opportunity" parentDisplayName="Opportunity" />
      </MissingDependency>
      <MissingDependency>
        <Required key="0" type="1" schemaName="campaign" displayName="Campaign" solution="msdynce_Marketing (9.0.4.37)" />
        <Dependent key="31" type="2" schemaName="msnfp_campaigncategory" displayName="Campaign Category" parentSchemaName="campaign" parentDisplayName="Campaign" />
      </MissingDependency>
      <MissingDependency>
        <Required key="2" type="1" schemaName="opportunity" displayName="Opportunity" solution="msdynce_Sales (9.0.4.0076)" />
        <Dependent key="32" type="2" schemaName="msnfp_askreadinessname" parentSchemaName="opportunity" parentDisplayName="Opportunity" />
      </MissingDependency>
      <MissingDependency>
        <Required key="2" type="1" schemaName="opportunity" displayName="Opportunity" solution="msdynce_Sales (9.0.4.0076)" />
        <Dependent key="33" type="2" schemaName="modifiedonbehalfbyyominame" parentSchemaName="opportunity" parentDisplayName="Opportunity" />
      </MissingDependency>
      <MissingDependency>
        <Required key="0" type="1" schemaName="campaign" displayName="Campaign" solution="msdynce_Marketing (9.0.4.37)" />
        <Dependent key="34" type="2" schemaName="createdonbehalfbyyominame" parentSchemaName="campaign" parentDisplayName="Campaign" />
      </MissingDependency>
      <MissingDependency>
        <Required key="0" type="1" schemaName="campaign" displayName="Campaign" solution="msdynce_Marketing (9.0.4.37)" />
        <Dependent key="35" type="2" schemaName="entityimage" displayName="Entity Image" parentSchemaName="campaign" parentDisplayName="Campaign" />
      </MissingDependency>
      <MissingDependency>
        <Required key="2" type="1" schemaName="opportunity" displayName="Opportunity" solution="msdynce_Sales (9.0.4.0076)" />
        <Dependent key="36" type="2" schemaName="msnfp_sourcecode" displayName="Source Code" parentSchemaName="opportunity" parentDisplayName="Opportunity" />
      </MissingDependency>
      <MissingDependency>
        <Required key="0" type="1" schemaName="campaign" displayName="Campaign" solution="msdynce_Marketing (9.0.4.37)" />
        <Dependent key="37" type="2" schemaName="msnfp_startdate" displayName="Start Date" parentSchemaName="campaign" parentDisplayName="Campaign" />
      </MissingDependency>
      <MissingDependency>
        <Required key="0" type="1" schemaName="campaign" displayName="Campaign" solution="msdynce_Marketing (9.0.4.37)" />
        <Dependent key="38" type="2" schemaName="msnfp_campaigntypename" parentSchemaName="campaign" parentDisplayName="Campaign" />
      </MissingDependency>
      <MissingDependency>
        <Required key="2" type="1" schemaName="opportunity" displayName="Opportunity" solution="msdynce_Sales (9.0.4.0076)" />
        <Dependent key="39" type="2" schemaName="msnfp_link5" displayName="Link # 5" parentSchemaName="opportunity" parentDisplayName="Opportunity" />
      </MissingDependency>
      <MissingDependency>
        <Required key="2" type="1" schemaName="opportunity" displayName="Opportunity" solution="msdynce_Sales (9.0.4.0076)" />
        <Dependent key="40" type="2" schemaName="msnfp_expectedgivingamount" displayName="Expected Giving Amount" parentSchemaName="opportunity" parentDisplayName="Opportunity" />
      </MissingDependency>
      <MissingDependency>
        <Required key="2" type="1" schemaName="opportunity" displayName="Opportunity" solution="msdynce_Sales (9.0.4.0076)" />
        <Dependent key="41" type="2" schemaName="msnfp_solicitationtypename" parentSchemaName="opportunity" parentDisplayName="Opportunity" />
      </MissingDependency>
      <MissingDependency>
        <Required key="0" type="1" schemaName="campaign" displayName="Campaign" solution="msdynce_Marketing (9.0.4.37)" />
        <Dependent key="42" type="2" schemaName="msnfp_closedamount" displayName="Closed Amount" parentSchemaName="campaign" parentDisplayName="Campaign" />
      </MissingDependency>
      <MissingDependency>
        <Required key="2" type="1" schemaName="opportunity" displayName="Opportunity" solution="msdynce_Sales (9.0.4.0076)" />
        <Dependent key="43" type="2" schemaName="msnfp_preferenceopportunityidname" parentSchemaName="opportunity" parentDisplayName="Opportunity" />
      </MissingDependency>
      <MissingDependency>
        <Required key="2" type="1" schemaName="opportunity" displayName="Opportunity" solution="msdynce_Sales (9.0.4.0076)" />
        <Dependent key="44" type="2" schemaName="msnfp_link6" displayName="Link # 6" parentSchemaName="opportunity" parentDisplayName="Opportunity" />
      </MissingDependency>
      <MissingDependency>
        <Required key="2" type="1" schemaName="opportunity" displayName="Opportunity" solution="msdynce_Sales (9.0.4.0076)" />
        <Dependent key="45" type="2" schemaName="msnfp_prospectivegifttype" displayName="Prospective Gift Type" parentSchemaName="opportunity" parentDisplayName="Opportunity" />
      </MissingDependency>
      <MissingDependency>
        <Required key="0" type="1" schemaName="campaign" displayName="Campaign" solution="msdynce_Marketing (9.0.4.37)" />
        <Dependent key="46" type="2" schemaName="msnfp_plannedgivingcampaignid" displayName="Campaign" parentSchemaName="campaign" parentDisplayName="Campaign" />
      </MissingDependency>
      <MissingDependency>
        <Required key="2" type="1" schemaName="opportunity" displayName="Opportunity" solution="msdynce_Sales (9.0.4.0076)" />
        <Dependent key="47" type="2" schemaName="msnfp_link4" displayName="Link # 4" parentSchemaName="opportunity" parentDisplayName="Opportunity" />
      </MissingDependency>
      <MissingDependency>
        <Required key="0" type="1" schemaName="campaign" displayName="Campaign" solution="msdynce_Marketing (9.0.4.37)" />
        <Dependent key="48" type="2" schemaName="modifiedonbehalfbyname" parentSchemaName="campaign" parentDisplayName="Campaign" />
      </MissingDependency>
      <MissingDependency>
        <Required key="2" type="1" schemaName="opportunity" displayName="Opportunity" solution="msdynce_Sales (9.0.4.0076)" />
        <Dependent key="49" type="2" schemaName="createdbyname" parentSchemaName="opportunity" parentDisplayName="Opportunity" />
      </MissingDependency>
      <MissingDependency>
        <Required key="0" type="1" schemaName="campaign" displayName="Campaign" solution="msdynce_Marketing (9.0.4.37)" />
        <Dependent key="50" type="2" schemaName="msnfp_campaignidname" parentSchemaName="campaign" parentDisplayName="Campaign" />
      </MissingDependency>
      <MissingDependency>
        <Required key="2" type="1" schemaName="opportunity" displayName="Opportunity" solution="msdynce_Sales (9.0.4.0076)" />
        <Dependent key="51" type="2" schemaName="owneriddsc" parentSchemaName="opportunity" parentDisplayName="Opportunity" />
      </MissingDependency>
      <MissingDependency>
        <Required key="2" type="1" schemaName="opportunity" displayName="Opportunity" solution="msdynce_Sales (9.0.4.0076)" />
        <Dependent key="52" type="2" schemaName="msnfp_preferenceopportunityid" displayName="Opportunity" parentSchemaName="opportunity" parentDisplayName="Opportunity" />
      </MissingDependency>
      <MissingDependency>
        <Required key="2" type="1" schemaName="opportunity" displayName="Opportunity" solution="msdynce_Sales (9.0.4.0076)" />
        <Dependent key="53" type="2" schemaName="msnfp_calculatedgivingtype" displayName="Calculated Giving Type" parentSchemaName="opportunity" parentDisplayName="Opportunity" />
      </MissingDependency>
      <MissingDependency>
        <Required key="2" type="1" schemaName="opportunity" displayName="Opportunity" solution="msdynce_Sales (9.0.4.0076)" />
        <Dependent key="54" type="2" schemaName="modifiedonbehalfbyname" parentSchemaName="opportunity" parentDisplayName="Opportunity" />
      </MissingDependency>
      <MissingDependency>
        <Required key="2" type="1" schemaName="opportunity" displayName="Opportunity" solution="msdynce_Sales (9.0.4.0076)" />
        <Dependent key="55" type="2" schemaName="contactidname" parentSchemaName="opportunity" parentDisplayName="Opportunity" />
      </MissingDependency>
      <MissingDependency>
        <Required key="0" type="1" schemaName="campaign" displayName="Campaign" solution="msdynce_Marketing (9.0.4.37)" />
        <Dependent key="56" type="2" schemaName="msnfp_appealsegmentname" parentSchemaName="campaign" parentDisplayName="Campaign" />
      </MissingDependency>
      <MissingDependency>
        <Required key="2" type="1" schemaName="opportunity" displayName="Opportunity" solution="msdynce_Sales (9.0.4.0076)" />
        <Dependent key="57" type="2" schemaName="createdonbehalfbyyominame" parentSchemaName="opportunity" parentDisplayName="Opportunity" />
      </MissingDependency>
      <MissingDependency>
        <Required key="0" type="1" schemaName="campaign" displayName="Campaign" solution="msdynce_Marketing (9.0.4.37)" />
        <Dependent key="58" type="2" schemaName="msnfp_designationplancampaignidname" parentSchemaName="campaign" parentDisplayName="Campaign" />
      </MissingDependency>
      <MissingDependency>
        <Required key="0" type="1" schemaName="campaign" displayName="Campaign" solution="msdynce_Marketing (9.0.4.37)" />
        <Dependent key="59" type="2" schemaName="msnfp_effortname" parentSchemaName="campaign" parentDisplayName="Campaign" />
      </MissingDependency>
      <MissingDependency>
        <Required key="2" type="1" schemaName="opportunity" displayName="Opportunity" solution="msdynce_Sales (9.0.4.0076)" />
        <Dependent key="60" type="2" schemaName="originatingleadidyominame" parentSchemaName="opportunity" parentDisplayName="Opportunity" />
      </MissingDependency>
      <MissingDependency>
        <Required key="2" type="1" schemaName="opportunity" displayName="Opportunity" solution="msdynce_Sales (9.0.4.0076)" />
        <Dependent key="61" type="2" schemaName="msnfp_accountname" displayName="Account Name" parentSchemaName="opportunity" parentDisplayName="Opportunity" />
      </MissingDependency>
      <MissingDependency>
        <Required key="0" type="1" schemaName="campaign" displayName="Campaign" solution="msdynce_Marketing (9.0.4.37)" />
        <Dependent key="62" type="2" schemaName="msnfp_channel" displayName="Channel" parentSchemaName="campaign" parentDisplayName="Campaign" />
      </MissingDependency>
      <MissingDependency>
        <Required key="0" type="1" schemaName="campaign" displayName="Campaign" solution="msdynce_Marketing (9.0.4.37)" />
        <Dependent key="63" type="2" schemaName="msnfp_campaigntype" displayName="Campaign Type" parentSchemaName="campaign" parentDisplayName="Campaign" />
      </MissingDependency>
      <MissingDependency>
        <Required key="0" type="1" schemaName="campaign" displayName="Campaign" solution="msdynce_Marketing (9.0.4.37)" />
        <Dependent key="64" type="2" schemaName="msnfp_lastresponsedate" displayName="Last Response Date" parentSchemaName="campaign" parentDisplayName="Campaign" />
      </MissingDependency>
      <MissingDependency>
        <Required key="2" type="1" schemaName="opportunity" displayName="Opportunity" solution="msdynce_Sales (9.0.4.0076)" />
        <Dependent key="65" type="2" schemaName="parentaccountidname" parentSchemaName="opportunity" parentDisplayName="Opportunity" />
      </MissingDependency>
      <MissingDependency>
        <Required key="2" type="1" schemaName="opportunity" displayName="Opportunity" solution="msdynce_Sales (9.0.4.0076)" />
        <Dependent key="66" type="2" schemaName="msnfp_prospectivegifttypename" parentSchemaName="opportunity" parentDisplayName="Opportunity" />
      </MissingDependency>
      <MissingDependency>
        <Required key="0" type="1" schemaName="campaign" displayName="Campaign" solution="msdynce_Marketing (9.0.4.37)" />
        <Dependent key="67" type="2" schemaName="msnfp_effectivecampaignidname" parentSchemaName="campaign" parentDisplayName="Campaign" />
      </MissingDependency>
      <MissingDependency>
        <Required key="0" type="1" schemaName="campaign" displayName="Campaign" solution="msdynce_Marketing (9.0.4.37)" />
        <Dependent key="68" type="2" schemaName="transactioncurrencyidname" parentSchemaName="campaign" parentDisplayName="Campaign" />
      </MissingDependency>
      <MissingDependency>
        <Required key="0" type="1" schemaName="campaign" displayName="Campaign" solution="msdynce_Marketing (9.0.4.37)" />
        <Dependent key="69" type="2" schemaName="msnfp_originatingcampaignidname" parentSchemaName="campaign" parentDisplayName="Campaign" />
      </MissingDependency>
      <MissingDependency>
        <Required key="0" type="1" schemaName="campaign" displayName="Campaign" solution="msdynce_Marketing (9.0.4.37)" />
        <Dependent key="70" type="2" schemaName="msnfp_creditplancampaignidname" parentSchemaName="campaign" parentDisplayName="Campaign" />
      </MissingDependency>
      <MissingDependency>
        <Required key="2" type="1" schemaName="opportunity" displayName="Opportunity" solution="msdynce_Sales (9.0.4.0076)" />
        <Dependent key="71" type="26" schemaName="Opportunities Being Followed" displayName="Opportunities Being Followed" parentSchemaName="opportunity" parentDisplayName="Opportunity" id="{b2a4f916-5f90-e011-95ae-00155d9cfa03}" />
      </MissingDependency>
      <MissingDependency>
        <Required key="2" type="1" schemaName="opportunity" displayName="Opportunity" solution="msdynce_Sales (9.0.4.0076)" />
        <Dependent key="72" type="2" schemaName="msnfp_checkdate" displayName="Check Date" parentSchemaName="opportunity" parentDisplayName="Opportunity" />
      </MissingDependency>
      <MissingDependency>
        <Required key="2" type="1" schemaName="opportunity" displayName="Opportunity" solution="msdynce_Sales (9.0.4.0076)" />
        <Dependent key="73" type="2" schemaName="msnfp_check" displayName="Check #" parentSchemaName="opportunity" parentDisplayName="Opportunity" />
      </MissingDependency>
      <MissingDependency>
        <Required key="2" type="1" schemaName="opportunity" displayName="Opportunity" solution="msdynce_Sales (9.0.4.0076)" />
        <Dependent key="74" type="2" schemaName="msnfp_expectedgivingamount_base" displayName="Expected Giving Amount (Base)" parentSchemaName="opportunity" parentDisplayName="Opportunity" />
      </MissingDependency>
      <MissingDependency>
        <Required key="2" type="1" schemaName="opportunity" displayName="Opportunity" solution="msdynce_Sales (9.0.4.0076)" />
        <Dependent key="75" type="2" schemaName="customeridname" parentSchemaName="opportunity" parentDisplayName="Opportunity" />
      </MissingDependency>
      <MissingDependency>
        <Required key="0" type="1" schemaName="campaign" displayName="Campaign" solution="msdynce_Marketing (9.0.4.37)" />
        <Dependent key="76" type="2" schemaName="msnfp_effectivecampaignid" displayName="Effective Campaign" parentSchemaName="campaign" parentDisplayName="Campaign" />
      </MissingDependency>
      <MissingDependency>
        <Required key="0" type="1" schemaName="campaign" displayName="Campaign" solution="msdynce_Marketing (9.0.4.37)" />
        <Dependent key="77" type="2" schemaName="exchangerate" displayName="Exchange Rate" parentSchemaName="campaign" parentDisplayName="Campaign" />
      </MissingDependency>
      <MissingDependency>
        <Required key="2" type="1" schemaName="opportunity" displayName="Opportunity" solution="msdynce_Sales (9.0.4.0076)" />
        <Dependent key="78" type="2" schemaName="campaignidname" parentSchemaName="opportunity" parentDisplayName="Opportunity" />
      </MissingDependency>
      <MissingDependency>
        <Required key="0" type="1" schemaName="campaign" displayName="Campaign" solution="msdynce_Marketing (9.0.4.37)" />
        <Dependent key="79" type="2" schemaName="msnfp_averagegift_base" displayName="Average Gift (Base)" parentSchemaName="campaign" parentDisplayName="Campaign" />
      </MissingDependency>
      <MissingDependency>
        <Required key="0" type="1" schemaName="campaign" displayName="Campaign" solution="msdynce_Marketing (9.0.4.37)" />
        <Dependent key="80" type="2" schemaName="owneridyominame" parentSchemaName="campaign" parentDisplayName="Campaign" />
      </MissingDependency>
      <MissingDependency>
        <Required key="0" type="1" schemaName="campaign" displayName="Campaign" solution="msdynce_Marketing (9.0.4.37)" />
        <Dependent key="81" type="2" schemaName="modifiedbyyominame" parentSchemaName="campaign" parentDisplayName="Campaign" />
      </MissingDependency>
      <MissingDependency>
        <Required key="2" type="1" schemaName="opportunity" displayName="Opportunity" solution="msdynce_Sales (9.0.4.0076)" />
        <Dependent key="82" type="2" schemaName="createdonbehalfbyname" parentSchemaName="opportunity" parentDisplayName="Opportunity" />
      </MissingDependency>
      <MissingDependency>
        <Required key="2" type="1" schemaName="opportunity" displayName="Opportunity" solution="msdynce_Sales (9.0.4.0076)" />
        <Dependent key="83" type="2" schemaName="modifiedbyyominame" parentSchemaName="opportunity" parentDisplayName="Opportunity" />
      </MissingDependency>
      <MissingDependency>
        <Required key="2" type="1" schemaName="opportunity" displayName="Opportunity" solution="msdynce_Sales (9.0.4.0076)" />
        <Dependent key="84" type="2" schemaName="msnfp_calculatedgivingtypename" parentSchemaName="opportunity" parentDisplayName="Opportunity" />
      </MissingDependency>
      <MissingDependency>
        <Required key="0" type="1" schemaName="campaign" displayName="Campaign" solution="msdynce_Marketing (9.0.4.37)" />
        <Dependent key="85" type="2" schemaName="owneriddsc" parentSchemaName="campaign" parentDisplayName="Campaign" />
      </MissingDependency>
      <MissingDependency>
        <Required key="2" type="1" schemaName="opportunity" displayName="Opportunity" solution="msdynce_Sales (9.0.4.0076)" />
        <Dependent key="86" type="2" schemaName="accountidyominame" parentSchemaName="opportunity" parentDisplayName="Opportunity" />
      </MissingDependency>
      <MissingDependency>
        <Required key="0" type="1" schemaName="campaign" displayName="Campaign" solution="msdynce_Marketing (9.0.4.37)" />
        <Dependent key="87" type="2" schemaName="owneridtype" parentSchemaName="campaign" parentDisplayName="Campaign" />
      </MissingDependency>
      <MissingDependency>
        <Required key="0" type="1" schemaName="campaign" displayName="Campaign" solution="msdynce_Marketing (9.0.4.37)" />
        <Dependent key="88" type="2" schemaName="msnfp_sourcecode" displayName="Source Code" parentSchemaName="campaign" parentDisplayName="Campaign" />
      </MissingDependency>
      <MissingDependency>
        <Required key="2" type="1" schemaName="opportunity" displayName="Opportunity" solution="msdynce_Sales (9.0.4.0076)" />
        <Dependent key="89" type="2" schemaName="msnfp_opportunityid" displayName="Opportunity" parentSchemaName="opportunity" parentDisplayName="Opportunity" />
      </MissingDependency>
      <MissingDependency>
        <Required key="0" type="1" schemaName="campaign" displayName="Campaign" solution="msdynce_Marketing (9.0.4.37)" />
        <Dependent key="90" type="2" schemaName="owneridname" parentSchemaName="campaign" parentDisplayName="Campaign" />
      </MissingDependency>
      <MissingDependency>
        <Required key="0" type="1" schemaName="campaign" displayName="Campaign" solution="msdynce_Marketing (9.0.4.37)" />
        <Dependent key="91" type="2" schemaName="modifiedbyname" parentSchemaName="campaign" parentDisplayName="Campaign" />
      </MissingDependency>
      <MissingDependency>
        <Required key="0" type="1" schemaName="campaign" displayName="Campaign" solution="msdynce_Marketing (9.0.4.37)" />
        <Dependent key="92" type="2" schemaName="msnfp_campaignid" displayName="Campaign" parentSchemaName="campaign" parentDisplayName="Campaign" />
      </MissingDependency>
      <MissingDependency>
        <Required key="2" type="1" schemaName="opportunity" displayName="Opportunity" solution="msdynce_Sales (9.0.4.0076)" />
        <Dependent key="93" type="2" schemaName="accountidname" parentSchemaName="opportunity" parentDisplayName="Opportunity" />
      </MissingDependency>
      <MissingDependency>
        <Required key="2" type="1" schemaName="opportunity" displayName="Opportunity" solution="msdynce_Sales (9.0.4.0076)" />
        <Dependent key="94" type="2" schemaName="parentcontactidyominame" parentSchemaName="opportunity" parentDisplayName="Opportunity" />
      </MissingDependency>
      <MissingDependency>
        <Required key="0" type="1" schemaName="campaign" displayName="Campaign" solution="msdynce_Marketing (9.0.4.37)" />
        <Dependent key="95" type="2" schemaName="msnfp_subchannel" displayName="SubChannel" parentSchemaName="campaign" parentDisplayName="Campaign" />
      </MissingDependency>
      <MissingDependency>
        <Required key="2" type="1" schemaName="opportunity" displayName="Opportunity" solution="msdynce_Sales (9.0.4.0076)" />
        <Dependent key="96" type="2" schemaName="transactioncurrencyidname" parentSchemaName="opportunity" parentDisplayName="Opportunity" />
      </MissingDependency>
      <MissingDependency>
        <Required key="2" type="1" schemaName="opportunity" displayName="Opportunity" solution="msdynce_Sales (9.0.4.0076)" />
        <Dependent key="97" type="2" schemaName="msnfp_link2" displayName="Link # 2" parentSchemaName="opportunity" parentDisplayName="Opportunity" />
      </MissingDependency>
      <MissingDependency>
        <Required key="0" type="1" schemaName="campaign" displayName="Campaign" solution="msdynce_Marketing (9.0.4.37)" />
        <Dependent key="98" type="2" schemaName="pricelistname" parentSchemaName="campaign" parentDisplayName="Campaign" />
      </MissingDependency>
      <MissingDependency>
        <Required key="2" type="1" schemaName="opportunity" displayName="Opportunity" solution="msdynce_Sales (9.0.4.0076)" />
        <Dependent key="99" type="2" schemaName="exchangerate" displayName="Exchange Rate" parentSchemaName="opportunity" parentDisplayName="Opportunity" />
      </MissingDependency>
      <MissingDependency>
        <Required key="0" type="1" schemaName="campaign" displayName="Campaign" solution="msdynce_Marketing (9.0.4.37)" />
        <Dependent key="100" type="2" schemaName="msnfp_firstresponsedate" displayName="First Response Date" parentSchemaName="campaign" parentDisplayName="Campaign" />
      </MissingDependency>
      <MissingDependency>
        <Required key="0" type="1" schemaName="campaign" displayName="Campaign" solution="msdynce_Marketing (9.0.4.37)" />
        <Dependent key="101" type="2" schemaName="modifiedonbehalfbyyominame" parentSchemaName="campaign" parentDisplayName="Campaign" />
      </MissingDependency>
      <MissingDependency>
        <Required key="2" type="1" schemaName="opportunity" displayName="Opportunity" solution="msdynce_Sales (9.0.4.0076)" />
        <Dependent key="102" type="2" schemaName="createdbyyominame" parentSchemaName="opportunity" parentDisplayName="Opportunity" />
      </MissingDependency>
      <MissingDependency>
        <Required key="0" type="1" schemaName="campaign" displayName="Campaign" solution="msdynce_Marketing (9.0.4.37)" />
        <Dependent key="103" type="2" schemaName="msnfp_channelname" parentSchemaName="campaign" parentDisplayName="Campaign" />
      </MissingDependency>
      <MissingDependency>
        <Required key="0" type="1" schemaName="campaign" displayName="Campaign" solution="msdynce_Marketing (9.0.4.37)" />
        <Dependent key="104" type="2" schemaName="msnfp_aquisitionsource" displayName="Acquisition Source" parentSchemaName="campaign" parentDisplayName="Campaign" />
      </MissingDependency>
      <MissingDependency>
        <Required key="2" type="1" schemaName="opportunity" displayName="Opportunity" solution="msdynce_Sales (9.0.4.0076)" />
        <Dependent key="105" type="2" schemaName="parentaccountidyominame" parentSchemaName="opportunity" parentDisplayName="Opportunity" />
      </MissingDependency>
      <MissingDependency>
        <Required key="2" type="1" schemaName="opportunity" displayName="Opportunity" solution="msdynce_Sales (9.0.4.0076)" />
        <Dependent key="106" type="2" schemaName="msnfp_affiliation" displayName="Affiliation" parentSchemaName="opportunity" parentDisplayName="Opportunity" />
      </MissingDependency>
      <MissingDependency>
        <Required key="0" type="1" schemaName="campaign" displayName="Campaign" solution="msdynce_Marketing (9.0.4.37)" />
        <Dependent key="107" type="2" schemaName="msnfp_subchannelname" parentSchemaName="campaign" parentDisplayName="Campaign" />
      </MissingDependency>
      <MissingDependency>
        <Required key="0" type="1" schemaName="campaign" displayName="Campaign" solution="msdynce_Marketing (9.0.4.37)" />
        <Dependent key="108" type="2" schemaName="msnfp_creditplancampaignid" displayName="Campaign" parentSchemaName="campaign" parentDisplayName="Campaign" />
      </MissingDependency>
      <MissingDependency>
        <Required key="0" type="1" schemaName="campaign" displayName="Campaign" solution="msdynce_Marketing (9.0.4.37)" />
        <Dependent key="109" type="2" schemaName="msnfp_closedamount_base" displayName="Closed Amount (Base)" parentSchemaName="campaign" parentDisplayName="Campaign" />
      </MissingDependency>
      <MissingDependency>
        <Required key="2" type="1" schemaName="opportunity" displayName="Opportunity" solution="msdynce_Sales (9.0.4.0076)" />
        <Dependent key="110" type="2" schemaName="msnfp_parentopportunityname" displayName="Parent Opportunity Name" parentSchemaName="opportunity" parentDisplayName="Opportunity" />
      </MissingDependency>
      <MissingDependency>
        <Required key="2" type="1" schemaName="opportunity" displayName="Opportunity" solution="msdynce_Sales (9.0.4.0076)" />
        <Dependent key="111" type="2" schemaName="customerid" displayName="Potential Customer" parentSchemaName="opportunity" parentDisplayName="Opportunity" />
      </MissingDependency>
      <MissingDependency>
        <Required key="2" type="1" schemaName="opportunity" displayName="Opportunity" solution="msdynce_Sales (9.0.4.0076)" />
        <Dependent key="112" type="10" schemaName="msnfp_opportunity_defaultDesignation" displayName="msnfp_opportunity_defaultDesignation" parentSchemaName="msnfp_designation" parentDisplayName="Designation" />
      </MissingDependency>
      <MissingDependency>
        <Required key="2" type="1" schemaName="opportunity" displayName="Opportunity" solution="msdynce_Sales (9.0.4.0076)" />
        <Dependent key="113" type="10" schemaName="msnfp_preference_opportunity" displayName="msnfp_preference_opportunity" parentSchemaName="opportunity" parentDisplayName="Opportunity" />
      </MissingDependency>
      <MissingDependency>
        <Required key="2" type="1" schemaName="opportunity" displayName="Opportunity" solution="msdynce_Sales (9.0.4.0076)" />
        <Dependent key="114" type="10" schemaName="msnfp_opportunity_primaryProposal" displayName="msnfp_opportunity_primaryProposal" parentSchemaName="msnfp_donorcommitment" parentDisplayName="Donor Commitment" />
      </MissingDependency>
      <MissingDependency>
        <Required key="2" type="1" schemaName="opportunity" displayName="Opportunity" solution="msdynce_Sales (9.0.4.0076)" />
        <Dependent key="115" type="10" schemaName="msnfp_designationPlan_opportunity" displayName="msnfp_designationPlan_opportunity" parentSchemaName="opportunity" parentDisplayName="Opportunity" />
      </MissingDependency>
      <MissingDependency>
        <Required key="0" type="1" schemaName="campaign" displayName="Campaign" solution="msdynce_Marketing (9.0.4.37)" />
        <Dependent key="116" type="10" schemaName="msnfp_campaign_defaultDesignation" displayName="msnfp_campaign_defaultDesignation" parentSchemaName="msnfp_designation" parentDisplayName="Designation" />
      </MissingDependency>
      <MissingDependency>
        <Required key="0" type="1" schemaName="campaign" displayName="Campaign" solution="msdynce_Marketing (9.0.4.37)" />
        <Dependent key="117" type="10" schemaName="msnfp_txn_effectiveCampaign" displayName="msnfp_txn_effectiveCampaign" parentSchemaName="campaign" parentDisplayName="Campaign" />
      </MissingDependency>
      <MissingDependency>
        <Required key="0" type="1" schemaName="campaign" displayName="Campaign" solution="msdynce_Marketing (9.0.4.37)" />
        <Dependent key="118" type="10" schemaName="msnfp_commitment_campaign" displayName="msnfp_commitment_campaign" parentSchemaName="campaign" parentDisplayName="Campaign" />
      </MissingDependency>
      <MissingDependency>
        <Required key="0" type="1" schemaName="campaign" displayName="Campaign" solution="msdynce_Marketing (9.0.4.37)" />
        <Dependent key="119" type="10" schemaName="msnfp_plannedGiving_campaign" displayName="msnfp_plannedGiving_campaign" parentSchemaName="campaign" parentDisplayName="Campaign" />
      </MissingDependency>
      <MissingDependency>
        <Required key="0" type="1" schemaName="campaign" displayName="Campaign" solution="msdynce_Marketing (9.0.4.37)" />
        <Dependent key="120" type="10" schemaName="msnfp_designationPlan_campaign" displayName="msnfp_designationPlan_campaign" parentSchemaName="campaign" parentDisplayName="Campaign" />
      </MissingDependency>
      <MissingDependency>
        <Required key="0" type="1" schemaName="campaign" displayName="Campaign" solution="msdynce_Marketing (9.0.4.37)" />
        <Dependent key="121" type="10" schemaName="msnfp_creditPlan_campaign" displayName="msnfp_creditPlan_campaign" parentSchemaName="campaign" parentDisplayName="Campaign" />
      </MissingDependency>
      <MissingDependency>
        <Required key="122" type="1" schemaName="quote" displayName="Quote" solution="msdynce_Sales (9.0.4.0076)" />
        <Dependent key="123" type="60" displayName="Information" parentDisplayName="Opportunity" id="{a2a56263-ec37-4991-a3b0-e7b37a71d818}" />
      </MissingDependency>
      <MissingDependency>
        <Required key="124" type="1" schemaName="opportunityproduct" displayName="Opportunity Product" solution="msdynce_Sales (9.0.4.0076)" />
        <Dependent key="123" type="60" displayName="Information" parentDisplayName="Opportunity" id="{a2a56263-ec37-4991-a3b0-e7b37a71d818}" />
      </MissingDependency>
      <MissingDependency>
        <Required key="125" type="2" schemaName="name" displayName="Topic" parentSchemaName="opportunity" parentDisplayName="Opportunity" solution="msdynce_Sales (9.0.4.0076)" />
        <Dependent key="114" type="10" schemaName="msnfp_opportunity_primaryProposal" displayName="msnfp_opportunity_primaryProposal" parentSchemaName="msnfp_donorcommitment" parentDisplayName="Donor Commitment" />
      </MissingDependency>
      <MissingDependency>
        <Required key="125" type="2" schemaName="name" displayName="Topic" parentSchemaName="opportunity" parentDisplayName="Opportunity" solution="msdynce_Sales (9.0.4.0076)" />
        <Dependent key="28" type="26" schemaName="Opportunities I Follow" displayName="Opportunities I Follow" parentSchemaName="opportunity" parentDisplayName="Opportunity" id="{b2a4f916-5f90-e011-95ae-00155d9cfa02}" />
      </MissingDependency>
      <MissingDependency>
        <Required key="125" type="2" schemaName="name" displayName="Topic" parentSchemaName="opportunity" parentDisplayName="Opportunity" solution="msdynce_Sales (9.0.4.0076)" />
        <Dependent key="112" type="10" schemaName="msnfp_opportunity_defaultDesignation" displayName="msnfp_opportunity_defaultDesignation" parentSchemaName="msnfp_designation" parentDisplayName="Designation" />
      </MissingDependency>
      <MissingDependency>
        <Required key="125" type="2" schemaName="name" displayName="Topic" parentSchemaName="opportunity" parentDisplayName="Opportunity" solution="msdynce_Sales (9.0.4.0076)" />
        <Dependent key="71" type="26" schemaName="Opportunities Being Followed" displayName="Opportunities Being Followed" parentSchemaName="opportunity" parentDisplayName="Opportunity" id="{b2a4f916-5f90-e011-95ae-00155d9cfa03}" />
      </MissingDependency>
      <MissingDependency>
        <Required key="125" type="2" schemaName="name" displayName="Topic" parentSchemaName="opportunity" parentDisplayName="Opportunity" solution="msdynce_Sales (9.0.4.0076)" />
        <Dependent key="123" type="60" displayName="Information" parentDisplayName="Opportunity" id="{a2a56263-ec37-4991-a3b0-e7b37a71d818}" />
      </MissingDependency>
      <MissingDependency>
        <Required key="126" type="2" schemaName="discountpercentage" displayName="Opportunity Discount (%)" parentSchemaName="opportunity" parentDisplayName="Opportunity" solution="msdynce_Sales (9.0.4.0076)" />
        <Dependent key="123" type="60" displayName="Information" parentDisplayName="Opportunity" id="{a2a56263-ec37-4991-a3b0-e7b37a71d818}" />
      </MissingDependency>
      <MissingDependency>
        <Required key="127" type="2" schemaName="estimatedclosedate" displayName="Est. Close Date" parentSchemaName="opportunity" parentDisplayName="Opportunity" solution="msdynce_Sales (9.0.4.0076)" />
        <Dependent key="128" type="60" displayName="Opportunities Dashboard" parentDisplayName="Opportunity" id="{f7e6d29b-1e3e-e711-80e1-00155d871bb4}" />
      </MissingDependency>
      <MissingDependency>
        <Required key="127" type="2" schemaName="estimatedclosedate" displayName="Est. Close Date" parentSchemaName="opportunity" parentDisplayName="Opportunity" solution="msdynce_Sales (9.0.4.0076)" />
        <Dependent key="123" type="60" displayName="Information" parentDisplayName="Opportunity" id="{a2a56263-ec37-4991-a3b0-e7b37a71d818}" />
      </MissingDependency>
      <MissingDependency>
        <Required key="127" type="2" schemaName="estimatedclosedate" displayName="Est. Close Date" parentSchemaName="opportunity" parentDisplayName="Opportunity" solution="msdynce_Sales (9.0.4.0076)" />
        <Dependent key="28" type="26" schemaName="Opportunities I Follow" displayName="Opportunities I Follow" parentSchemaName="opportunity" parentDisplayName="Opportunity" id="{b2a4f916-5f90-e011-95ae-00155d9cfa02}" />
      </MissingDependency>
      <MissingDependency>
        <Required key="127" type="2" schemaName="estimatedclosedate" displayName="Est. Close Date" parentSchemaName="opportunity" parentDisplayName="Opportunity" solution="msdynce_Sales (9.0.4.0076)" />
        <Dependent key="71" type="26" schemaName="Opportunities Being Followed" displayName="Opportunities Being Followed" parentSchemaName="opportunity" parentDisplayName="Opportunity" id="{b2a4f916-5f90-e011-95ae-00155d9cfa03}" />
      </MissingDependency>
      <MissingDependency>
        <Required key="111" type="2" schemaName="customerid" displayName="Potential Customer" parentSchemaName="opportunity" parentDisplayName="Opportunity" solution="msdynce_Sales (9.0.4.0076)" />
        <Dependent key="28" type="26" schemaName="Opportunities I Follow" displayName="Opportunities I Follow" parentSchemaName="opportunity" parentDisplayName="Opportunity" id="{b2a4f916-5f90-e011-95ae-00155d9cfa02}" />
      </MissingDependency>
      <MissingDependency>
        <Required key="111" type="2" schemaName="customerid" displayName="Potential Customer" parentSchemaName="opportunity" parentDisplayName="Opportunity" solution="msdynce_Sales (9.0.4.0076)" />
        <Dependent key="123" type="60" displayName="Information" parentDisplayName="Opportunity" id="{a2a56263-ec37-4991-a3b0-e7b37a71d818}" />
      </MissingDependency>
      <MissingDependency>
        <Required key="111" type="2" schemaName="customerid" displayName="Potential Customer" parentSchemaName="opportunity" parentDisplayName="Opportunity" solution="msdynce_Sales (9.0.4.0076)" />
        <Dependent key="111" type="2" schemaName="customerid" displayName="Potential Customer" parentSchemaName="opportunity" parentDisplayName="Opportunity" />
      </MissingDependency>
      <MissingDependency>
        <Required key="111" type="2" schemaName="customerid" displayName="Potential Customer" parentSchemaName="opportunity" parentDisplayName="Opportunity" solution="msdynce_Sales (9.0.4.0076)" />
        <Dependent key="71" type="26" schemaName="Opportunities Being Followed" displayName="Opportunities Being Followed" parentSchemaName="opportunity" parentDisplayName="Opportunity" id="{b2a4f916-5f90-e011-95ae-00155d9cfa03}" />
      </MissingDependency>
      <MissingDependency>
        <Required key="129" type="2" schemaName="opportunityid" displayName="Opportunity" parentSchemaName="opportunity" parentDisplayName="Opportunity" solution="msdynce_Sales (9.0.4.0076)" />
        <Dependent key="28" type="26" schemaName="Opportunities I Follow" displayName="Opportunities I Follow" parentSchemaName="opportunity" parentDisplayName="Opportunity" id="{b2a4f916-5f90-e011-95ae-00155d9cfa02}" />
      </MissingDependency>
      <MissingDependency>
        <Required key="129" type="2" schemaName="opportunityid" displayName="Opportunity" parentSchemaName="opportunity" parentDisplayName="Opportunity" solution="msdynce_Sales (9.0.4.0076)" />
        <Dependent key="71" type="26" schemaName="Opportunities Being Followed" displayName="Opportunities Being Followed" parentSchemaName="opportunity" parentDisplayName="Opportunity" id="{b2a4f916-5f90-e011-95ae-00155d9cfa03}" />
      </MissingDependency>
      <MissingDependency>
        <Required key="129" type="2" schemaName="opportunityid" displayName="Opportunity" parentSchemaName="opportunity" parentDisplayName="Opportunity" solution="msdynce_Sales (9.0.4.0076)" />
        <Dependent key="112" type="10" schemaName="msnfp_opportunity_defaultDesignation" displayName="msnfp_opportunity_defaultDesignation" parentSchemaName="msnfp_designation" parentDisplayName="Designation" />
      </MissingDependency>
      <MissingDependency>
        <Required key="129" type="2" schemaName="opportunityid" displayName="Opportunity" parentSchemaName="opportunity" parentDisplayName="Opportunity" solution="msdynce_Sales (9.0.4.0076)" />
        <Dependent key="114" type="10" schemaName="msnfp_opportunity_primaryProposal" displayName="msnfp_opportunity_primaryProposal" parentSchemaName="msnfp_donorcommitment" parentDisplayName="Donor Commitment" />
      </MissingDependency>
      <MissingDependency>
        <Required key="130" type="2" schemaName="estimatedvalue" displayName="Est. Revenue" parentSchemaName="opportunity" parentDisplayName="Opportunity" solution="msdynce_Sales (9.0.4.0076)" />
        <Dependent key="71" type="26" schemaName="Opportunities Being Followed" displayName="Opportunities Being Followed" parentSchemaName="opportunity" parentDisplayName="Opportunity" id="{b2a4f916-5f90-e011-95ae-00155d9cfa03}" />
      </MissingDependency>
      <MissingDependency>
        <Required key="130" type="2" schemaName="estimatedvalue" displayName="Est. Revenue" parentSchemaName="opportunity" parentDisplayName="Opportunity" solution="msdynce_Sales (9.0.4.0076)" />
        <Dependent key="28" type="26" schemaName="Opportunities I Follow" displayName="Opportunities I Follow" parentSchemaName="opportunity" parentDisplayName="Opportunity" id="{b2a4f916-5f90-e011-95ae-00155d9cfa02}" />
      </MissingDependency>
      <MissingDependency>
        <Required key="130" type="2" schemaName="estimatedvalue" displayName="Est. Revenue" parentSchemaName="opportunity" parentDisplayName="Opportunity" solution="msdynce_Sales (9.0.4.0076)" />
        <Dependent key="123" type="60" displayName="Information" parentDisplayName="Opportunity" id="{a2a56263-ec37-4991-a3b0-e7b37a71d818}" />
      </MissingDependency>
      <MissingDependency>
        <Required key="131" type="2" schemaName="totalamountlessfreight" displayName="Total Pre-Freight Amount" parentSchemaName="opportunity" parentDisplayName="Opportunity" solution="msdynce_Sales (9.0.4.0076)" />
        <Dependent key="123" type="60" displayName="Information" parentDisplayName="Opportunity" id="{a2a56263-ec37-4991-a3b0-e7b37a71d818}" />
      </MissingDependency>
      <MissingDependency>
        <Required key="132" type="2" schemaName="freightamount" displayName="Freight Amount" parentSchemaName="opportunity" parentDisplayName="Opportunity" solution="msdynce_Sales (9.0.4.0076)" />
        <Dependent key="123" type="60" displayName="Information" parentDisplayName="Opportunity" id="{a2a56263-ec37-4991-a3b0-e7b37a71d818}" />
      </MissingDependency>
      <MissingDependency>
        <Required key="133" type="2" schemaName="isrevenuesystemcalculated" displayName="Revenue" parentSchemaName="opportunity" parentDisplayName="Opportunity" solution="msdynce_Sales (9.0.4.0076)" />
        <Dependent key="123" type="60" displayName="Information" parentDisplayName="Opportunity" id="{a2a56263-ec37-4991-a3b0-e7b37a71d818}" />
      </MissingDependency>
      <MissingDependency>
        <Required key="134" type="2" schemaName="totallineitemamount" displayName="Total Detail Amount" parentSchemaName="opportunity" parentDisplayName="Opportunity" solution="msdynce_Sales (9.0.4.0076)" />
        <Dependent key="123" type="60" displayName="Information" parentDisplayName="Opportunity" id="{a2a56263-ec37-4991-a3b0-e7b37a71d818}" />
      </MissingDependency>
      <MissingDependency>
        <Required key="135" type="2" schemaName="discountamount" displayName="Opportunity Discount Amount" parentSchemaName="opportunity" parentDisplayName="Opportunity" solution="msdynce_Sales (9.0.4.0076)" />
        <Dependent key="123" type="60" displayName="Information" parentDisplayName="Opportunity" id="{a2a56263-ec37-4991-a3b0-e7b37a71d818}" />
      </MissingDependency>
      <MissingDependency>
        <Required key="136" type="2" schemaName="campaignid" displayName="Campaign" parentSchemaName="campaign" parentDisplayName="Campaign" solution="msdynce_Marketing (9.0.4.37)" />
        <Dependent key="116" type="10" schemaName="msnfp_campaign_defaultDesignation" displayName="msnfp_campaign_defaultDesignation" parentSchemaName="msnfp_designation" parentDisplayName="Designation" />
      </MissingDependency>
      <MissingDependency>
        <Required key="137" type="2" schemaName="opportunityratingcode" displayName="Rating" parentSchemaName="opportunity" parentDisplayName="Opportunity" solution="msdynce_Sales (9.0.4.0076)" />
        <Dependent key="123" type="60" displayName="Information" parentDisplayName="Opportunity" id="{a2a56263-ec37-4991-a3b0-e7b37a71d818}" />
      </MissingDependency>
      <MissingDependency>
        <Required key="137" type="2" schemaName="opportunityratingcode" displayName="Rating" parentSchemaName="opportunity" parentDisplayName="Opportunity" solution="msdynce_Sales (9.0.4.0076)" />
        <Dependent key="71" type="26" schemaName="Opportunities Being Followed" displayName="Opportunities Being Followed" parentSchemaName="opportunity" parentDisplayName="Opportunity" id="{b2a4f916-5f90-e011-95ae-00155d9cfa03}" />
      </MissingDependency>
      <MissingDependency>
        <Required key="137" type="2" schemaName="opportunityratingcode" displayName="Rating" parentSchemaName="opportunity" parentDisplayName="Opportunity" solution="msdynce_Sales (9.0.4.0076)" />
        <Dependent key="28" type="26" schemaName="Opportunities I Follow" displayName="Opportunities I Follow" parentSchemaName="opportunity" parentDisplayName="Opportunity" id="{b2a4f916-5f90-e011-95ae-00155d9cfa02}" />
      </MissingDependency>
      <MissingDependency>
        <Required key="138" type="2" schemaName="totaltax" displayName="Total Tax" parentSchemaName="opportunity" parentDisplayName="Opportunity" solution="msdynce_Sales (9.0.4.0076)" />
        <Dependent key="123" type="60" displayName="Information" parentDisplayName="Opportunity" id="{a2a56263-ec37-4991-a3b0-e7b37a71d818}" />
      </MissingDependency>
      <MissingDependency>
        <Required key="139" type="2" schemaName="ownerid" displayName="Owner" parentSchemaName="opportunity" parentDisplayName="Opportunity" solution="msdynce_Sales (9.0.4.0076)" />
        <Dependent key="123" type="60" displayName="Information" parentDisplayName="Opportunity" id="{a2a56263-ec37-4991-a3b0-e7b37a71d818}" />
      </MissingDependency>
      <MissingDependency>
        <Required key="140" type="2" schemaName="campaignid" displayName="Source Campaign" parentSchemaName="opportunity" parentDisplayName="Opportunity" solution="msdynce_MarketingSales (9.0.4.29)" />
        <Dependent key="123" type="60" displayName="Information" parentDisplayName="Opportunity" id="{a2a56263-ec37-4991-a3b0-e7b37a71d818}" />
      </MissingDependency>
      <MissingDependency>
        <Required key="141" type="2" schemaName="description" displayName="Description" parentSchemaName="opportunity" parentDisplayName="Opportunity" solution="msdynce_Sales (9.0.4.0076)" />
        <Dependent key="123" type="60" displayName="Information" parentDisplayName="Opportunity" id="{a2a56263-ec37-4991-a3b0-e7b37a71d818}" />
      </MissingDependency>
      <MissingDependency>
        <Required key="142" type="2" schemaName="parentaccountid" displayName="Account" parentSchemaName="opportunity" parentDisplayName="Opportunity" solution="msdynce_Sales (9.0.4.0076)" />
        <Dependent key="111" type="2" schemaName="customerid" displayName="Potential Customer" parentSchemaName="opportunity" parentDisplayName="Opportunity" />
      </MissingDependency>
      <MissingDependency>
        <Required key="143" type="2" schemaName="statuscode" displayName="Status Reason" parentSchemaName="opportunity" parentDisplayName="Opportunity" solution="msdynce_Sales (9.0.4.0076)" />
        <Dependent key="123" type="60" displayName="Information" parentDisplayName="Opportunity" id="{a2a56263-ec37-4991-a3b0-e7b37a71d818}" />
      </MissingDependency>
      <MissingDependency>
        <Required key="144" type="2" schemaName="closeprobability" displayName="Probability" parentSchemaName="opportunity" parentDisplayName="Opportunity" solution="msdynce_Sales (9.0.4.0076)" />
        <Dependent key="71" type="26" schemaName="Opportunities Being Followed" displayName="Opportunities Being Followed" parentSchemaName="opportunity" parentDisplayName="Opportunity" id="{b2a4f916-5f90-e011-95ae-00155d9cfa03}" />
      </MissingDependency>
      <MissingDependency>
        <Required key="144" type="2" schemaName="closeprobability" displayName="Probability" parentSchemaName="opportunity" parentDisplayName="Opportunity" solution="msdynce_Sales (9.0.4.0076)" />
        <Dependent key="123" type="60" displayName="Information" parentDisplayName="Opportunity" id="{a2a56263-ec37-4991-a3b0-e7b37a71d818}" />
      </MissingDependency>
      <MissingDependency>
        <Required key="144" type="2" schemaName="closeprobability" displayName="Probability" parentSchemaName="opportunity" parentDisplayName="Opportunity" solution="msdynce_Sales (9.0.4.0076)" />
        <Dependent key="28" type="26" schemaName="Opportunities I Follow" displayName="Opportunities I Follow" parentSchemaName="opportunity" parentDisplayName="Opportunity" id="{b2a4f916-5f90-e011-95ae-00155d9cfa02}" />
      </MissingDependency>
      <MissingDependency>
        <Required key="145" type="2" schemaName="totalamount" displayName="Total Amount" parentSchemaName="opportunity" parentDisplayName="Opportunity" solution="msdynce_Sales (9.0.4.0076)" />
        <Dependent key="123" type="60" displayName="Information" parentDisplayName="Opportunity" id="{a2a56263-ec37-4991-a3b0-e7b37a71d818}" />
      </MissingDependency>
      <MissingDependency>
        <Required key="146" type="2" schemaName="originatingleadid" displayName="Originating Lead" parentSchemaName="opportunity" parentDisplayName="Opportunity" solution="msdynce_Sales (9.0.4.0076)" />
        <Dependent key="123" type="60" displayName="Information" parentDisplayName="Opportunity" id="{a2a56263-ec37-4991-a3b0-e7b37a71d818}" />
      </MissingDependency>
      <MissingDependency>
        <Required key="147" type="2" schemaName="transactioncurrencyid" displayName="Currency" parentSchemaName="opportunity" parentDisplayName="Opportunity" solution="msdynce_Sales (9.0.4.0076)" />
        <Dependent key="123" type="60" displayName="Information" parentDisplayName="Opportunity" id="{a2a56263-ec37-4991-a3b0-e7b37a71d818}" />
      </MissingDependency>
      <MissingDependency>
        <Required key="148" type="2" schemaName="parentcontactid" displayName="Contact" parentSchemaName="opportunity" parentDisplayName="Opportunity" solution="msdynce_Sales (9.0.4.0076)" />
        <Dependent key="111" type="2" schemaName="customerid" displayName="Potential Customer" parentSchemaName="opportunity" parentDisplayName="Opportunity" />
      </MissingDependency>
      <MissingDependency>
        <Required key="149" type="2" schemaName="statecode" displayName="Status" parentSchemaName="opportunity" parentDisplayName="Opportunity" solution="msdynce_Sales (9.0.4.0076)" />
        <Dependent key="71" type="26" schemaName="Opportunities Being Followed" displayName="Opportunities Being Followed" parentSchemaName="opportunity" parentDisplayName="Opportunity" id="{b2a4f916-5f90-e011-95ae-00155d9cfa03}" />
      </MissingDependency>
      <MissingDependency>
        <Required key="149" type="2" schemaName="statecode" displayName="Status" parentSchemaName="opportunity" parentDisplayName="Opportunity" solution="msdynce_Sales (9.0.4.0076)" />
        <Dependent key="28" type="26" schemaName="Opportunities I Follow" displayName="Opportunities I Follow" parentSchemaName="opportunity" parentDisplayName="Opportunity" id="{b2a4f916-5f90-e011-95ae-00155d9cfa02}" />
      </MissingDependency>
      <MissingDependency>
        <Required key="150" type="2" schemaName="pricelevelid" displayName="Price List" parentSchemaName="opportunity" parentDisplayName="Opportunity" solution="msdynce_Sales (9.0.4.0076)" />
        <Dependent key="123" type="60" displayName="Information" parentDisplayName="Opportunity" id="{a2a56263-ec37-4991-a3b0-e7b37a71d818}" />
      </MissingDependency>
      <MissingDependency>
        <Required key="151" type="2" schemaName="name" displayName="Name" parentSchemaName="campaign" parentDisplayName="Campaign" solution="msdynce_Marketing (9.0.4.37)" />
        <Dependent key="116" type="10" schemaName="msnfp_campaign_defaultDesignation" displayName="msnfp_campaign_defaultDesignation" parentSchemaName="msnfp_designation" parentDisplayName="Designation" />
      </MissingDependency>
      <MissingDependency>
        <Required key="152" type="26" schemaName="Opportunity Product Inline Edit View" displayName="Opportunity Product Inline Edit View" parentSchemaName="opportunityproduct" parentDisplayName="Opportunity Product" solution="msdynce_Sales (9.0.4.0076)" id="{01010de7-749e-4fe6-8037-aca560a4fcbe}" />
        <Dependent key="123" type="60" displayName="Information" parentDisplayName="Opportunity" id="{a2a56263-ec37-4991-a3b0-e7b37a71d818}" />
      </MissingDependency>
      <MissingDependency>
        <Required key="153" type="26" schemaName="My Open Opportunities" displayName="My Open Opportunities" parentSchemaName="opportunity" parentDisplayName="Opportunity" solution="msdynce_Sales (9.0.4.0076)" id="{00000000-0000-0000-00aa-000010003000}" />
        <Dependent key="128" type="60" displayName="Opportunities Dashboard" parentDisplayName="Opportunity" id="{f7e6d29b-1e3e-e711-80e1-00155d871bb4}" />
      </MissingDependency>
      <MissingDependency>
        <Required key="154" type="26" schemaName="Quote Associated View" displayName="Quote Associated View" parentSchemaName="quote" parentDisplayName="Quote" solution="msdynce_Sales (9.0.4.0076)" id="{642095db-91dd-4813-bb31-665a3a2bae61}" />
        <Dependent key="123" type="60" displayName="Information" parentDisplayName="Opportunity" id="{a2a56263-ec37-4991-a3b0-e7b37a71d818}" />
      </MissingDependency>
      <MissingDependency>
        <Required key="155" type="26" schemaName="Closed Opportunities" displayName="Closed Opportunities" parentSchemaName="opportunity" parentDisplayName="Opportunity" solution="msdynce_Sales (9.0.4.0076)" id="{00000000-0000-0000-00aa-000010003006}" />
        <Dependent key="128" type="60" displayName="Opportunities Dashboard" parentDisplayName="Opportunity" id="{f7e6d29b-1e3e-e711-80e1-00155d871bb4}" />
      </MissingDependency>
      <MissingDependency>
        <Required key="156" type="26" schemaName="All Opportunities" displayName="All Opportunities" parentSchemaName="opportunity" parentDisplayName="Opportunity" solution="msdynce_Sales (9.0.4.0076)" id="{c6f6fc1b-1b3e-e711-80e1-00155d871bb4}" />
        <Dependent key="128" type="60" displayName="Opportunities Dashboard" parentDisplayName="Opportunity" id="{f7e6d29b-1e3e-e711-80e1-00155d871bb4}" />
      </MissingDependency>
      <MissingDependency>
        <Required key="157" type="26" schemaName="Open Opportunities" displayName="Open Opportunities" parentSchemaName="opportunity" parentDisplayName="Opportunity" solution="msdynce_Sales (9.0.4.0076)" id="{00000000-0000-0000-00aa-000010003001}" />
        <Dependent key="128" type="60" displayName="Opportunities Dashboard" parentDisplayName="Opportunity" id="{f7e6d29b-1e3e-e711-80e1-00155d871bb4}" />
      </MissingDependency>
      <MissingDependency>
        <Required key="158" type="59" schemaName="Opportunities by Account" displayName="Opportunities by Account" parentSchemaName="opportunity" parentDisplayName="Opportunity" solution="msdynce_Sales (9.0.4.0076)" id="{8ed63b02-1e3e-e711-80e1-00155d871bb4}" />
        <Dependent key="128" type="60" displayName="Opportunities Dashboard" parentDisplayName="Opportunity" id="{f7e6d29b-1e3e-e711-80e1-00155d871bb4}" />
      </MissingDependency>
      <MissingDependency>
        <Required key="159" type="59" schemaName="Opportunities by Status – Column Chart" displayName="Opportunities by Status – Column Chart" parentSchemaName="opportunity" parentDisplayName="Opportunity" solution="msdynce_Sales (9.0.4.0076)" id="{4a534f35-1e3e-e711-80e1-00155d871bb4}" />
        <Dependent key="128" type="60" displayName="Opportunities Dashboard" parentDisplayName="Opportunity" id="{f7e6d29b-1e3e-e711-80e1-00155d871bb4}" />
      </MissingDependency>
      <MissingDependency>
        <Required key="160" type="59" schemaName="Opportunities by Pipeline Phase" displayName="Opportunities by Pipeline Phase" parentSchemaName="opportunity" parentDisplayName="Opportunity" solution="msdynce_Sales (9.0.4.0076)" id="{166785b0-073a-e711-80e3-00155d42a416}" />
        <Dependent key="128" type="60" displayName="Opportunities Dashboard" parentDisplayName="Opportunity" id="{f7e6d29b-1e3e-e711-80e1-00155d871bb4}" />
      </MissingDependency>
      <MissingDependency>
        <Required key="161" type="59" schemaName="Opportunities by Rating" displayName="Opportunities by Rating" parentSchemaName="opportunity" parentDisplayName="Opportunity" solution="msdynce_Sales (9.0.4.0076)" id="{e91f96d7-1d3e-e711-80e1-00155d871bb4}" />
        <Dependent key="128" type="60" displayName="Opportunities Dashboard" parentDisplayName="Opportunity" id="{f7e6d29b-1e3e-e711-80e1-00155d871bb4}" />
      </MissingDependency>
      <MissingDependency>
        <Required key="128" type="60" displayName="Opportunities Dashboard" parentDisplayName="Opportunity" solution="msdynce_Sales (9.0.4.0076)" id="{f7e6d29b-1e3e-e711-80e1-00155d871bb4}" />
        <Dependent key="128" type="60" displayName="Opportunities Dashboard" parentDisplayName="Opportunity" id="{f7e6d29b-1e3e-e711-80e1-00155d871bb4}" />
      </MissingDependency>
      <MissingDependency>
        <Required key="123" type="60" displayName="Information" parentDisplayName="Opportunity" solution="msdynce_Sales (9.0.4.0076)" id="{a2a56263-ec37-4991-a3b0-e7b37a71d818}" />
        <Dependent key="123" type="60" displayName="Information" parentDisplayName="Opportunity" id="{a2a56263-ec37-4991-a3b0-e7b37a71d818}" />
      </MissingDependency>
      <MissingDependency>
        <Required key="162" type="61" schemaName="msdyn_/RecordWall.htm" displayName="msdyn_/RecordWall.htm" solution="ActivityFeedsCore (9.0.0.0)" />
        <Dependent key="123" type="60" displayName="Information" parentDisplayName="Opportunity" id="{a2a56263-ec37-4991-a3b0-e7b37a71d818}" />
      </MissingDependency>
      <MissingDependency>
        <Required key="163" type="61" schemaName="msdyn_/ActivityFeeds.Form.js" displayName="msdyn_/ActivityFeeds.Form.js" solution="ActivityFeedsCore (9.0.0.0)" />
        <Dependent key="123" type="60" displayName="Information" parentDisplayName="Opportunity" id="{a2a56263-ec37-4991-a3b0-e7b37a71d818}" />
      </MissingDependency>
    </MissingDependencies>
  </SolutionManifest>
</ImportExportXml>