{
    "schemaVersion": "0.7.0",
    "imports": [
        {
            "uri": "/foundations.cdm.json"
        }
    ],
    "definitions": [
        {
            "explanation": "Base trait for descriptions of CDS for Applications specific properties or ideas.",
            "traitName": "is.CDS",
            "extendsTrait": "is"
        },
        {
            "explanation": "the unique name that identifies this object in CDS for Applications.",
            "traitName": "is.CDS.sourceNamed",
            "extendsTrait": "is.CDS",
            "hasParameters": [
                {
                    "name": "name",
                    "required": false,
                    "direction": "both",
                    "dataType": "string"
                }
            ],
            "associatedProperties": [
                "sourceName"
            ]
        },
        {
            "explanation": "the column number for an attribute with an entity in CDS for Applications.",
            "traitName": "is.CDS.ordered",
            "extendsTrait": "is.CDS",
            "hasParameters": [
                {
                    "name": "ordinal",
                    "required": false,
                    "direction": "both",
                    "dataType": "integer"
                }
            ],
            "associatedProperties": [
                "sourceOrdering"
            ]
        },
        {
            "explanation": "The attribute represents a style of lookup in CDS for Applications",
            "traitName": "is.CDS.lookup",
            "extendsTrait": "is.CDS",
            "hasParameters": [
                {
                    "name": "style",
                    "required": false,
                    "direction": "both",
                    "dataType": "string"
                }
            ]
        },
        {
            "explanation": "contains an Account or Contact ID",
            "traitName": "is.CDS.customer",
            "extendsTrait": "is.CDS"
        },
        {
            "explanation": "The Account and Contact entities are used together as a referenced attribute to indicate the single idea of 'customer'.",
            "relationshipName": "referencesCustomer",
            "extendsRelationship": "hasFlexibleRelationshipWithEntity",
            "exhibitsTraits": [
                "is.CDS.customer"
            ]
        },
        {
            "explanation": "contains a User or Team ID",
            "traitName": "is.CDS.owner",
            "extendsTrait": "is.CDS"
        },
        {
            "explanation": "The SystemUser and Team entities are used together as a referenced attribute to indicate the owner of the entity instance.",
            "relationshipName": "referencesOwner",
            "extendsRelationship": "hasFlexibleRelationshipWithEntity",
            "exhibitsTraits": [
                "is.CDS.owner"
            ]
        },
        {
            "explanation": "contains a link to ActivityParty to identify the set of party members",
            "traitName": "is.CDS.partyList",
            "extendsTrait": "is.CDS"
        },
        {
            "explanation": "An implicit lookup into the ActivityParty entity to find the set of party members with the associated kind of participationTypeMask",
            "dataTypeName": "partylist",
            "extendsDataType": "guid",
            "exhibitsTraits": [
                "is.CDS.partyList"
            ]
        },
        {
            "explanation": "identifies attributes that are part of the cdsStandard base set.",
            "traitName": "is.CDS.standard",
            "extendsTrait": "is.CDS"
        },
        {
            "explanation": "A version number for records stored in CDS",
            "dataTypeName": "cdsVersionNumber",
            "extendsDataType": "bigInteger",
            "exhibitsTraits": [
                "means.measurement.version"
            ]
        }
    ]
}