{
    "schemaVersion": "0.7.0",
    "imports": [
        {
            "corpusPath": "_allImports.cdm.json"
        }
    ],
    "definitions": [
        {
            "entityName": "DiscountList",
            "extendsEntity": "CdmObject",
            "exhibitsTraits": [
                {
                    "traitReference": "is.localized.displayedAs",
                    "arguments": [
                        {
                            "entityReference": {
                                "entityShape": "localizedTable",
                                "constantValues": [
                                    [
                                        "en",
                                        "Discount List"
                                    ]
                                ]
                            }
                        }
                    ]
                },
                {
                    "traitReference": "is.localized.describedAs",
                    "arguments": [
                        {
                            "entityReference": {
                                "entityShape": "localizedTable",
                                "constantValues": [
                                    [
                                        "en",
                                        "Type of discount specified as either a percentage or an amount."
                                    ]
                                ]
                            }
                        }
                    ]
                }
            ],
            "displayName": "Discount List",
            "description": "Type of discount specified as either a percentage or an amount.",
            "sourceName": "DiscountType",
            "hasAttributes": [
                {
                    "attributeGroupReference": {
                        "attributeGroupName": "attributesAddedAtThisScope",
                        "exhibitsTraits": [
                            {
                                "traitReference": "is.CDM.attributeGroup",
                                "arguments": [
                                    {
                                        "entityReference": {
                                            "entityShape": "attributeGroupSet",
                                            "constantValues": [
                                                [
                                                    "/core/applicationCommon/foundationCommon/crmCommon/sales/DiscountList.cdm.json/DiscountList/hasAttributes/attributesAddedAtThisScope"
                                                ]
                                            ]
                                        }
                                    }
                                ]
                            }
                        ],
                        "members": [
                            {
                                "relationship": "identifiedBy",
                                "dataType": "entityId",
                                "name": "discountTypeId",
                                "appliedTraits": [
                                    {
                                        "traitReference": "is.requiredAtLevel",
                                        "arguments": [
                                            {
                                                "name": "level",
                                                "value": "systemrequired"
                                            }
                                        ]
                                    },
                                    {
                                        "traitReference": "is.localized.displayedAs",
                                        "arguments": [
                                            {
                                                "entityReference": {
                                                    "entityShape": "localizedTable",
                                                    "constantValues": [
                                                        [
                                                            "en",
                                                            "Discount List"
                                                        ]
                                                    ]
                                                }
                                            }
                                        ]
                                    },
                                    {
                                        "traitReference": "is.localized.describedAs",
                                        "arguments": [
                                            {
                                                "entityReference": {
                                                    "entityShape": "localizedTable",
                                                    "constantValues": [
                                                        [
                                                            "en",
                                                            "Unique identifier of the discount list."
                                                        ]
                                                    ]
                                                }
                                            }
                                        ]
                                    }
                                ],
                                "sourceName": "discounttypeid",
                                "sourceOrdering": 10000,
                                "displayName": "Discount List",
                                "description": "Unique identifier of the discount list."
                            },
                            {
                                "relationship": "createdOn",
                                "dataType": "dateTime",
                                "name": "createdOn",
                                "appliedTraits": [
                                    {
                                        "traitReference": "is.requiredAtLevel",
                                        "arguments": [
                                            {
                                                "name": "level",
                                                "value": "none"
                                            }
                                        ]
                                    },
                                    {
                                        "traitReference": "is.localized.displayedAs",
                                        "arguments": [
                                            {
                                                "entityReference": {
                                                    "entityShape": "localizedTable",
                                                    "constantValues": [
                                                        [
                                                            "en",
                                                            "Created On"
                                                        ]
                                                    ]
                                                }
                                            }
                                        ]
                                    },
                                    {
                                        "traitReference": "is.localized.describedAs",
                                        "arguments": [
                                            {
                                                "entityReference": {
                                                    "entityShape": "localizedTable",
                                                    "constantValues": [
                                                        [
                                                            "en",
                                                            "Date and time when the discount list was created."
                                                        ]
                                                    ]
                                                }
                                            }
                                        ]
                                    }
                                ],
                                "sourceName": "createdon",
                                "sourceOrdering": 10001,
                                "isNullable": true,
                                "displayName": "Created On",
                                "description": "Date and time when the discount list was created."
                            },
                            {
                                "name": "lk_discounttypebase_createdby",
                                "entity": {
                                    "entityReference": "User",
                                    "appliedTraits": [
                                        {
                                            "traitReference": "is.identifiedBy",
                                            "arguments": [
                                                "User/(resolvedAttributes)/systemUserId"
                                            ]
                                        }
                                    ]
                                },
                                "relationship": {
                                    "relationshipReference": "hasFlexibleRelationshipWithEntity",
                                    "appliedTraits": [
                                        {
                                            "traitReference": "does.referenceEntityVia",
                                            "arguments": [
                                                {
                                                    "name": "foreignKeyAttribute",
                                                    "value": {
                                                        "relationship": "hasA",
                                                        "dataType": "entityId",
                                                        "name": "createdBy",
                                                        "appliedTraits": [
                                                            {
                                                                "traitReference": "is.CDS.lookup",
                                                                "arguments": [
                                                                    {
                                                                        "name": "style",
                                                                        "value": "single"
                                                                    }
                                                                ]
                                                            },
                                                            {
                                                                "traitReference": "is.requiredAtLevel",
                                                                "arguments": [
                                                                    {
                                                                        "name": "level",
                                                                        "value": "none"
                                                                    }
                                                                ]
                                                            },
                                                            {
                                                                "traitReference": "is.localized.displayedAs",
                                                                "arguments": [
                                                                    {
                                                                        "entityReference": {
                                                                            "entityShape": "localizedTable",
                                                                            "constantValues": [
                                                                                [
                                                                                    "en",
                                                                                    "Created By"
                                                                                ]
                                                                            ]
                                                                        }
                                                                    }
                                                                ]
                                                            },
                                                            {
                                                                "traitReference": "is.localized.describedAs",
                                                                "arguments": [
                                                                    {
                                                                        "entityReference": {
                                                                            "entityShape": "localizedTable",
                                                                            "constantValues": [
                                                                                [
                                                                                    "en",
                                                                                    "Unique identifier of the user who created the discount list."
                                                                                ]
                                                                            ]
                                                                        }
                                                                    }
                                                                ]
                                                            }
                                                        ],
                                                        "sourceName": "createdby",
                                                        "sourceOrdering": 10002,
                                                        "isNullable": true,
                                                        "displayName": "Created By",
                                                        "description": "Unique identifier of the user who created the discount list."
                                                    }
                                                }
                                            ]
                                        }
                                    ]
                                }
                            },
                            {
                                "relationship": "modifiedOn",
                                "dataType": "dateTime",
                                "name": "modifiedOn",
                                "appliedTraits": [
                                    {
                                        "traitReference": "is.requiredAtLevel",
                                        "arguments": [
                                            {
                                                "name": "level",
                                                "value": "none"
                                            }
                                        ]
                                    },
                                    {
                                        "traitReference": "is.localized.displayedAs",
                                        "arguments": [
                                            {
                                                "entityReference": {
                                                    "entityShape": "localizedTable",
                                                    "constantValues": [
                                                        [
                                                            "en",
                                                            "Modified On"
                                                        ]
                                                    ]
                                                }
                                            }
                                        ]
                                    },
                                    {
                                        "traitReference": "is.localized.describedAs",
                                        "arguments": [
                                            {
                                                "entityReference": {
                                                    "entityShape": "localizedTable",
                                                    "constantValues": [
                                                        [
                                                            "en",
                                                            "Date and time when the discount list was last modified."
                                                        ]
                                                    ]
                                                }
                                            }
                                        ]
                                    }
                                ],
                                "sourceName": "modifiedon",
                                "sourceOrdering": 10003,
                                "isNullable": true,
                                "displayName": "Modified On",
                                "description": "Date and time when the discount list was last modified."
                            },
                            {
                                "name": "lk_discounttypebase_modifiedby",
                                "entity": {
                                    "entityReference": "User",
                                    "appliedTraits": [
                                        {
                                            "traitReference": "is.identifiedBy",
                                            "arguments": [
                                                "User/(resolvedAttributes)/systemUserId"
                                            ]
                                        }
                                    ]
                                },
                                "relationship": {
                                    "relationshipReference": "hasFlexibleRelationshipWithEntity",
                                    "appliedTraits": [
                                        {
                                            "traitReference": "does.referenceEntityVia",
                                            "arguments": [
                                                {
                                                    "name": "foreignKeyAttribute",
                                                    "value": {
                                                        "relationship": "hasA",
                                                        "dataType": "entityId",
                                                        "name": "modifiedBy",
                                                        "appliedTraits": [
                                                            {
                                                                "traitReference": "is.CDS.lookup",
                                                                "arguments": [
                                                                    {
                                                                        "name": "style",
                                                                        "value": "single"
                                                                    }
                                                                ]
                                                            },
                                                            {
                                                                "traitReference": "is.requiredAtLevel",
                                                                "arguments": [
                                                                    {
                                                                        "name": "level",
                                                                        "value": "none"
                                                                    }
                                                                ]
                                                            },
                                                            {
                                                                "traitReference": "is.localized.displayedAs",
                                                                "arguments": [
                                                                    {
                                                                        "entityReference": {
                                                                            "entityShape": "localizedTable",
                                                                            "constantValues": [
                                                                                [
                                                                                    "en",
                                                                                    "Modified By"
                                                                                ]
                                                                            ]
                                                                        }
                                                                    }
                                                                ]
                                                            },
                                                            {
                                                                "traitReference": "is.localized.describedAs",
                                                                "arguments": [
                                                                    {
                                                                        "entityReference": {
                                                                            "entityShape": "localizedTable",
                                                                            "constantValues": [
                                                                                [
                                                                                    "en",
                                                                                    "Unique identifier of the user who last modified the discount list."
                                                                                ]
                                                                            ]
                                                                        }
                                                                    }
                                                                ]
                                                            }
                                                        ],
                                                        "sourceName": "modifiedby",
                                                        "sourceOrdering": 10004,
                                                        "isNullable": true,
                                                        "displayName": "Modified By",
                                                        "description": "Unique identifier of the user who last modified the discount list."
                                                    }
                                                }
                                            ]
                                        }
                                    ]
                                }
                            },
                            {
                                "name": "lk_discounttypebase_createdonbehalfby",
                                "entity": {
                                    "entityReference": "User",
                                    "appliedTraits": [
                                        {
                                            "traitReference": "is.identifiedBy",
                                            "arguments": [
                                                "User/(resolvedAttributes)/systemUserId"
                                            ]
                                        }
                                    ]
                                },
                                "relationship": {
                                    "relationshipReference": "hasFlexibleRelationshipWithEntity",
                                    "appliedTraits": [
                                        {
                                            "traitReference": "does.referenceEntityVia",
                                            "arguments": [
                                                {
                                                    "name": "foreignKeyAttribute",
                                                    "value": {
                                                        "relationship": "hasA",
                                                        "dataType": "entityId",
                                                        "name": "createdOnBehalfBy",
                                                        "appliedTraits": [
                                                            {
                                                                "traitReference": "is.CDS.lookup",
                                                                "arguments": [
                                                                    {
                                                                        "name": "style",
                                                                        "value": "single"
                                                                    }
                                                                ]
                                                            },
                                                            {
                                                                "traitReference": "is.requiredAtLevel",
                                                                "arguments": [
                                                                    {
                                                                        "name": "level",
                                                                        "value": "none"
                                                                    }
                                                                ]
                                                            },
                                                            {
                                                                "traitReference": "is.localized.displayedAs",
                                                                "arguments": [
                                                                    {
                                                                        "entityReference": {
                                                                            "entityShape": "localizedTable",
                                                                            "constantValues": [
                                                                                [
                                                                                    "en",
                                                                                    "Created By (Delegate)"
                                                                                ]
                                                                            ]
                                                                        }
                                                                    }
                                                                ]
                                                            },
                                                            {
                                                                "traitReference": "is.localized.describedAs",
                                                                "arguments": [
                                                                    {
                                                                        "entityReference": {
                                                                            "entityShape": "localizedTable",
                                                                            "constantValues": [
                                                                                [
                                                                                    "en",
                                                                                    "Unique identifier of the delegate user who created the discounttype."
                                                                                ]
                                                                            ]
                                                                        }
                                                                    }
                                                                ]
                                                            }
                                                        ],
                                                        "sourceName": "createdonbehalfby",
                                                        "sourceOrdering": 10005,
                                                        "isNullable": true,
                                                        "displayName": "Created By (Delegate)",
                                                        "description": "Unique identifier of the delegate user who created the discounttype."
                                                    }
                                                }
                                            ]
                                        }
                                    ]
                                }
                            },
                            {
                                "name": "lk_discounttypebase_modifiedonbehalfby",
                                "entity": {
                                    "entityReference": "User",
                                    "appliedTraits": [
                                        {
                                            "traitReference": "is.identifiedBy",
                                            "arguments": [
                                                "User/(resolvedAttributes)/systemUserId"
                                            ]
                                        }
                                    ]
                                },
                                "relationship": {
                                    "relationshipReference": "hasFlexibleRelationshipWithEntity",
                                    "appliedTraits": [
                                        {
                                            "traitReference": "does.referenceEntityVia",
                                            "arguments": [
                                                {
                                                    "name": "foreignKeyAttribute",
                                                    "value": {
                                                        "relationship": "hasA",
                                                        "dataType": "entityId",
                                                        "name": "modifiedOnBehalfBy",
                                                        "appliedTraits": [
                                                            {
                                                                "traitReference": "is.CDS.lookup",
                                                                "arguments": [
                                                                    {
                                                                        "name": "style",
                                                                        "value": "single"
                                                                    }
                                                                ]
                                                            },
                                                            {
                                                                "traitReference": "is.requiredAtLevel",
                                                                "arguments": [
                                                                    {
                                                                        "name": "level",
                                                                        "value": "none"
                                                                    }
                                                                ]
                                                            },
                                                            {
                                                                "traitReference": "is.localized.displayedAs",
                                                                "arguments": [
                                                                    {
                                                                        "entityReference": {
                                                                            "entityShape": "localizedTable",
                                                                            "constantValues": [
                                                                                [
                                                                                    "en",
                                                                                    "Modified By (Delegate)"
                                                                                ]
                                                                            ]
                                                                        }
                                                                    }
                                                                ]
                                                            },
                                                            {
                                                                "traitReference": "is.localized.describedAs",
                                                                "arguments": [
                                                                    {
                                                                        "entityReference": {
                                                                            "entityShape": "localizedTable",
                                                                            "constantValues": [
                                                                                [
                                                                                    "en",
                                                                                    "Unique identifier of the delegate user who last modified the discounttype."
                                                                                ]
                                                                            ]
                                                                        }
                                                                    }
                                                                ]
                                                            }
                                                        ],
                                                        "sourceName": "modifiedonbehalfby",
                                                        "sourceOrdering": 10006,
                                                        "isNullable": true,
                                                        "displayName": "Modified By (Delegate)",
                                                        "description": "Unique identifier of the delegate user who last modified the discounttype."
                                                    }
                                                }
                                            ]
                                        }
                                    ]
                                }
                            },
                            {
                                "name": "organization_discount_types",
                                "entity": {
                                    "entityReference": "Organization",
                                    "appliedTraits": [
                                        {
                                            "traitReference": "is.identifiedBy",
                                            "arguments": [
                                                "Organization/(resolvedAttributes)/organizationId"
                                            ]
                                        }
                                    ]
                                },
                                "relationship": {
                                    "relationshipReference": "hasFlexibleRelationshipWithEntity",
                                    "appliedTraits": [
                                        {
                                            "traitReference": "does.referenceEntityVia",
                                            "arguments": [
                                                {
                                                    "name": "foreignKeyAttribute",
                                                    "value": {
                                                        "relationship": "hasA",
                                                        "dataType": "entityId",
                                                        "name": "organizationId",
                                                        "appliedTraits": [
                                                            {
                                                                "traitReference": "is.CDS.lookup",
                                                                "arguments": [
                                                                    {
                                                                        "name": "style",
                                                                        "value": "single"
                                                                    }
                                                                ]
                                                            },
                                                            {
                                                                "traitReference": "is.requiredAtLevel",
                                                                "arguments": [
                                                                    {
                                                                        "name": "level",
                                                                        "value": "systemrequired"
                                                                    }
                                                                ]
                                                            },
                                                            {
                                                                "traitReference": "is.localized.displayedAs",
                                                                "arguments": [
                                                                    {
                                                                        "entityReference": {
                                                                            "entityShape": "localizedTable",
                                                                            "constantValues": [
                                                                                [
                                                                                    "en",
                                                                                    "Organization Id"
                                                                                ]
                                                                            ]
                                                                        }
                                                                    }
                                                                ]
                                                            },
                                                            {
                                                                "traitReference": "is.localized.describedAs",
                                                                "arguments": [
                                                                    {
                                                                        "entityReference": {
                                                                            "entityShape": "localizedTable",
                                                                            "constantValues": [
                                                                                [
                                                                                    "en",
                                                                                    "Unique identifier for the organization"
                                                                                ]
                                                                            ]
                                                                        }
                                                                    }
                                                                ]
                                                            }
                                                        ],
                                                        "sourceName": "organizationid",
                                                        "sourceOrdering": 10015,
                                                        "displayName": "Organization Id",
                                                        "description": "Unique identifier for the organization"
                                                    }
                                                }
                                            ]
                                        }
                                    ]
                                }
                            },
                            {
                                "relationship": "hasA",
                                "dataType": "bigInteger",
                                "name": "versionNumber",
                                "appliedTraits": [
                                    {
                                        "traitReference": "is.requiredAtLevel",
                                        "arguments": [
                                            {
                                                "name": "level",
                                                "value": "none"
                                            }
                                        ]
                                    },
                                    {
                                        "traitReference": "is.localized.displayedAs",
                                        "arguments": [
                                            {
                                                "entityReference": {
                                                    "entityShape": "localizedTable",
                                                    "constantValues": [
                                                        [
                                                            "en",
                                                            "Version Number"
                                                        ]
                                                    ]
                                                }
                                            }
                                        ]
                                    },
                                    {
                                        "traitReference": "is.localized.describedAs",
                                        "arguments": [
                                            {
                                                "entityReference": {
                                                    "entityShape": "localizedTable",
                                                    "constantValues": [
                                                        [
                                                            "en",
                                                            "Version Number"
                                                        ]
                                                    ]
                                                }
                                            }
                                        ]
                                    }
                                ],
                                "sourceName": "versionnumber",
                                "sourceOrdering": 10017,
                                "isNullable": true,
                                "displayName": "Version Number",
                                "description": "Version Number"
                            },
                            {
                                "relationship": "hasA",
                                "dataType": "integer",
                                "name": "importSequenceNumber",
                                "appliedTraits": [
                                    {
                                        "traitReference": "is.requiredAtLevel",
                                        "arguments": [
                                            {
                                                "name": "level",
                                                "value": "none"
                                            }
                                        ]
                                    },
                                    {
                                        "traitReference": "is.localized.displayedAs",
                                        "arguments": [
                                            {
                                                "entityReference": {
                                                    "entityShape": "localizedTable",
                                                    "constantValues": [
                                                        [
                                                            "en",
                                                            "Import Sequence Number"
                                                        ]
                                                    ]
                                                }
                                            }
                                        ]
                                    },
                                    {
                                        "traitReference": "is.localized.describedAs",
                                        "arguments": [
                                            {
                                                "entityReference": {
                                                    "entityShape": "localizedTable",
                                                    "constantValues": [
                                                        [
                                                            "en",
                                                            "Sequence number of the import that created this record."
                                                        ]
                                                    ]
                                                }
                                            }
                                        ]
                                    }
                                ],
                                "sourceName": "importsequencenumber",
                                "maximumValue": "2147483647",
                                "minimumValue": "-2147483648",
                                "sourceOrdering": 10018,
                                "isNullable": true,
                                "displayName": "Import Sequence Number",
                                "description": "Sequence number of the import that created this record."
                            },
                            {
                                "relationship": "createdOn",
                                "dataType": "dateTime",
                                "name": "overriddenCreatedOn",
                                "appliedTraits": [
                                    {
                                        "traitReference": "is.requiredAtLevel",
                                        "arguments": [
                                            {
                                                "name": "level",
                                                "value": "none"
                                            }
                                        ]
                                    },
                                    {
                                        "traitReference": "is.localized.displayedAs",
                                        "arguments": [
                                            {
                                                "entityReference": {
                                                    "entityShape": "localizedTable",
                                                    "constantValues": [
                                                        [
                                                            "en",
                                                            "Record Created On"
                                                        ]
                                                    ]
                                                }
                                            }
                                        ]
                                    },
                                    {
                                        "traitReference": "is.localized.describedAs",
                                        "arguments": [
                                            {
                                                "entityReference": {
                                                    "entityShape": "localizedTable",
                                                    "constantValues": [
                                                        [
                                                            "en",
                                                            "Date and time that the record was migrated."
                                                        ]
                                                    ]
                                                }
                                            }
                                        ]
                                    }
                                ],
                                "sourceName": "overriddencreatedon",
                                "sourceOrdering": 10019,
                                "isNullable": true,
                                "displayName": "Record Created On",
                                "description": "Date and time that the record was migrated."
                            },
                            {
                                "relationship": "hasA",
                                "dataType": "integer",
                                "name": "timeZoneRuleVersionNumber",
                                "appliedTraits": [
                                    {
                                        "traitReference": "is.requiredAtLevel",
                                        "arguments": [
                                            {
                                                "name": "level",
                                                "value": "none"
                                            }
                                        ]
                                    },
                                    {
                                        "traitReference": "is.localized.displayedAs",
                                        "arguments": [
                                            {
                                                "entityReference": {
                                                    "entityShape": "localizedTable",
                                                    "constantValues": [
                                                        [
                                                            "en",
                                                            "Time Zone Rule Version Number"
                                                        ]
                                                    ]
                                                }
                                            }
                                        ]
                                    },
                                    {
                                        "traitReference": "is.localized.describedAs",
                                        "arguments": [
                                            {
                                                "entityReference": {
                                                    "entityShape": "localizedTable",
                                                    "constantValues": [
                                                        [
                                                            "en",
                                                            "For internal use only."
                                                        ]
                                                    ]
                                                }
                                            }
                                        ]
                                    }
                                ],
                                "sourceName": "timezoneruleversionnumber",
                                "maximumValue": "2147483647",
                                "minimumValue": "-1",
                                "sourceOrdering": 10020,
                                "isNullable": true,
                                "displayName": "Time Zone Rule Version Number",
                                "description": "For internal use only."
                            },
                            {
                                "relationship": "hasA",
                                "dataType": "integer",
                                "name": "UTCConversionTimeZoneCode",
                                "appliedTraits": [
                                    {
                                        "traitReference": "is.requiredAtLevel",
                                        "arguments": [
                                            {
                                                "name": "level",
                                                "value": "none"
                                            }
                                        ]
                                    },
                                    {
                                        "traitReference": "is.localized.displayedAs",
                                        "arguments": [
                                            {
                                                "entityReference": {
                                                    "entityShape": "localizedTable",
                                                    "constantValues": [
                                                        [
                                                            "en",
                                                            "UTC Conversion Time Zone Code"
                                                        ]
                                                    ]
                                                }
                                            }
                                        ]
                                    },
                                    {
                                        "traitReference": "is.localized.describedAs",
                                        "arguments": [
                                            {
                                                "entityReference": {
                                                    "entityShape": "localizedTable",
                                                    "constantValues": [
                                                        [
                                                            "en",
                                                            "Time zone code that was in use when the record was created."
                                                        ]
                                                    ]
                                                }
                                            }
                                        ]
                                    }
                                ],
                                "sourceName": "utcconversiontimezonecode",
                                "maximumValue": "2147483647",
                                "minimumValue": "-1",
                                "sourceOrdering": 10021,
                                "isNullable": true,
                                "displayName": "UTC Conversion Time Zone Code",
                                "description": "Time zone code that was in use when the record was created."
                            },
                            {
                                "relationship": "hasA",
                                "dataType": "name",
                                "name": "name",
                                "appliedTraits": [
                                    {
                                        "traitReference": "is.requiredAtLevel",
                                        "arguments": [
                                            {
                                                "name": "level",
                                                "value": "systemrequired"
                                            }
                                        ]
                                    },
                                    {
                                        "traitReference": "is.localized.displayedAs",
                                        "arguments": [
                                            {
                                                "entityReference": {
                                                    "entityShape": "localizedTable",
                                                    "constantValues": [
                                                        [
                                                            "en",
                                                            "Name"
                                                        ]
                                                    ]
                                                }
                                            }
                                        ]
                                    },
                                    {
                                        "traitReference": "is.localized.describedAs",
                                        "arguments": [
                                            {
                                                "entityReference": {
                                                    "entityShape": "localizedTable",
                                                    "constantValues": [
                                                        [
                                                            "en",
                                                            "Name of the discount list."
                                                        ]
                                                    ]
                                                }
                                            }
                                        ]
                                    }
                                ],
                                "sourceName": "name",
                                "maximumLength": 100,
                                "sourceOrdering": 10022,
                                "displayName": "Name",
                                "description": "Name of the discount list."
                            },
                            {
                                "relationship": "hasA",
                                "dataType": "string",
                                "name": "description",
                                "appliedTraits": [
                                    {
                                        "traitReference": "is.requiredAtLevel",
                                        "arguments": [
                                            {
                                                "name": "level",
                                                "value": "none"
                                            }
                                        ]
                                    },
                                    {
                                        "traitReference": "is.localized.displayedAs",
                                        "arguments": [
                                            {
                                                "entityReference": {
                                                    "entityShape": "localizedTable",
                                                    "constantValues": [
                                                        [
                                                            "en",
                                                            "Description"
                                                        ]
                                                    ]
                                                }
                                            }
                                        ]
                                    },
                                    {
                                        "traitReference": "is.localized.describedAs",
                                        "arguments": [
                                            {
                                                "entityReference": {
                                                    "entityShape": "localizedTable",
                                                    "constantValues": [
                                                        [
                                                            "en",
                                                            "Description of the discount list."
                                                        ]
                                                    ]
                                                }
                                            }
                                        ]
                                    }
                                ],
                                "sourceName": "description",
                                "maximumLength": 2000,
                                "sourceOrdering": 10023,
                                "isNullable": true,
                                "displayName": "Description",
                                "description": "Description of the discount list."
                            },
                            {
                                "relationship": "hasA",
                                "dataType": "boolean",
                                "name": "isAmountType",
                                "appliedTraits": [
                                    {
                                        "traitReference": "is.requiredAtLevel",
                                        "arguments": [
                                            {
                                                "name": "level",
                                                "value": "none"
                                            }
                                        ]
                                    },
                                    {
                                        "traitReference": "is.localized.displayedAs",
                                        "arguments": [
                                            {
                                                "entityReference": {
                                                    "entityShape": "localizedTable",
                                                    "constantValues": [
                                                        [
                                                            "en",
                                                            "Type"
                                                        ]
                                                    ]
                                                }
                                            }
                                        ]
                                    },
                                    {
                                        "traitReference": "is.localized.describedAs",
                                        "arguments": [
                                            {
                                                "entityReference": {
                                                    "entityShape": "localizedTable",
                                                    "constantValues": [
                                                        [
                                                            "en",
                                                            "Information about whether the discount list amounts are specified as monetary amounts or percentages."
                                                        ]
                                                    ]
                                                }
                                            }
                                        ]
                                    }
                                ],
                                "sourceName": "isamounttype",
                                "sourceOrdering": 10024,
                                "isNullable": true,
                                "displayName": "Type",
                                "description": "Information about whether the discount list amounts are specified as monetary amounts or percentages."
                            },
                            {
                                "relationship": "representsStateWith",
                                "dataType": {
                                    "dataTypeReference": "listLookup",
                                    "appliedTraits": [
                                        {
                                            "traitReference": "does.haveDefault",
                                            "arguments": [
                                                {
                                                    "entityReference": {
                                                        "explanation": "The constantValues below correspond to the attributes of the 'listLookupValues' entityShape which are: {languageTag, displayText, attributeValue, displayOrder}",
                                                        "entityShape": "listLookupValues",
                                                        "constantValues": [
                                                            [
                                                                "en",
                                                                "Active",
                                                                "0",
                                                                "0"
                                                            ],
                                                            [
                                                                "en",
                                                                "Inactive",
                                                                "1",
                                                                "1"
                                                            ]
                                                        ]
                                                    }
                                                }
                                            ]
                                        },
                                        {
                                            "traitReference": "does.addSupportingAttribute",
                                            "arguments": [
                                                {
                                                    "explanation": "This attribute 'stateCode_display' is added to the 'DiscountList' entity to provide the localized display text for the value of the listLookup attribute 'stateCode'",
                                                    "relationship": "hasA",
                                                    "dataType": "localizedDisplayText",
                                                    "name": "stateCode_display",
                                                    "isReadOnly": true
                                                }
                                            ]
                                        }
                                    ]
                                },
                                "name": "stateCode",
                                "appliedTraits": [
                                    {
                                        "traitReference": "is.requiredAtLevel",
                                        "arguments": [
                                            {
                                                "name": "level",
                                                "value": "systemrequired"
                                            }
                                        ]
                                    },
                                    {
                                        "traitReference": "is.localized.displayedAs",
                                        "arguments": [
                                            {
                                                "entityReference": {
                                                    "entityShape": "localizedTable",
                                                    "constantValues": [
                                                        [
                                                            "en",
                                                            "Status"
                                                        ]
                                                    ]
                                                }
                                            }
                                        ]
                                    },
                                    {
                                        "traitReference": "is.localized.describedAs",
                                        "arguments": [
                                            {
                                                "entityReference": {
                                                    "entityShape": "localizedTable",
                                                    "constantValues": [
                                                        [
                                                            "en",
                                                            "Status of the discount list."
                                                        ]
                                                    ]
                                                }
                                            }
                                        ]
                                    }
                                ],
                                "sourceName": "statecode",
                                "sourceOrdering": 10026,
                                "displayName": "Status",
                                "description": "Status of the discount list."
                            },
                            {
                                "relationship": {
                                    "relationshipReference": "representsCorrelatedStatusWith",
                                    "appliedTraits": [
                                        {
                                            "traitReference": "is.correlatedWith",
                                            "arguments": [
                                                "stateCode"
                                            ]
                                        }
                                    ]
                                },
                                "dataType": {
                                    "dataTypeReference": "listLookup",
                                    "appliedTraits": [
                                        {
                                            "traitReference": "does.haveDefault",
                                            "arguments": [
                                                {
                                                    "entityReference": {
                                                        "explanation": "The constantValues below correspond to the attributes of the 'listLookupCorrelatedValues' entityShape which are: {languageTag, displayText, attributeValue, displayOrder, correlatedValue}",
                                                        "entityShape": "listLookupCorrelatedValues",
                                                        "constantValues": [
                                                            [
                                                                "en",
                                                                "Active",
                                                                "100001",
                                                                "0",
                                                                "0"
                                                            ],
                                                            [
                                                                "en",
                                                                "Inactive",
                                                                "100002",
                                                                "1",
                                                                "1"
                                                            ]
                                                        ]
                                                    }
                                                }
                                            ]
                                        },
                                        {
                                            "traitReference": "does.addSupportingAttribute",
                                            "arguments": [
                                                {
                                                    "explanation": "This attribute 'statusCode_display' is added to the 'DiscountList' entity to provide the localized display text for the value of the listLookup attribute 'statusCode'",
                                                    "relationship": "hasA",
                                                    "dataType": "localizedDisplayText",
                                                    "name": "statusCode_display",
                                                    "isReadOnly": true
                                                }
                                            ]
                                        }
                                    ]
                                },
                                "name": "statusCode",
                                "appliedTraits": [
                                    {
                                        "traitReference": "is.requiredAtLevel",
                                        "arguments": [
                                            {
                                                "name": "level",
                                                "value": "none"
                                            }
                                        ]
                                    },
                                    {
                                        "traitReference": "is.localized.displayedAs",
                                        "arguments": [
                                            {
                                                "entityReference": {
                                                    "entityShape": "localizedTable",
                                                    "constantValues": [
                                                        [
                                                            "en",
                                                            "Status Reason"
                                                        ]
                                                    ]
                                                }
                                            }
                                        ]
                                    },
                                    {
                                        "traitReference": "is.localized.describedAs",
                                        "arguments": [
                                            {
                                                "entityReference": {
                                                    "entityShape": "localizedTable",
                                                    "constantValues": [
                                                        [
                                                            "en",
                                                            "Reason for the status of the discount list."
                                                        ]
                                                    ]
                                                }
                                            }
                                        ]
                                    }
                                ],
                                "sourceName": "statuscode",
                                "sourceOrdering": 10028,
                                "isNullable": true,
                                "displayName": "Status Reason",
                                "description": "Reason for the status of the discount list."
                            },
                            {
                                "name": "transactioncurrency_discounttype",
                                "entity": {
                                    "entityReference": "Currency",
                                    "appliedTraits": [
                                        {
                                            "traitReference": "is.identifiedBy",
                                            "arguments": [
                                                "Currency/(resolvedAttributes)/transactionCurrencyId"
                                            ]
                                        }
                                    ]
                                },
                                "relationship": {
                                    "relationshipReference": "hasFlexibleRelationshipWithEntity",
                                    "appliedTraits": [
                                        {
                                            "traitReference": "does.referenceEntityVia",
                                            "arguments": [
                                                {
                                                    "name": "foreignKeyAttribute",
                                                    "value": {
                                                        "relationship": "hasA",
                                                        "dataType": "entityId",
                                                        "name": "transactionCurrencyId",
                                                        "appliedTraits": [
                                                            {
                                                                "traitReference": "is.CDS.lookup",
                                                                "arguments": [
                                                                    {
                                                                        "name": "style",
                                                                        "value": "single"
                                                                    }
                                                                ]
                                                            },
                                                            {
                                                                "traitReference": "is.requiredAtLevel",
                                                                "arguments": [
                                                                    {
                                                                        "name": "level",
                                                                        "value": "none"
                                                                    }
                                                                ]
                                                            },
                                                            {
                                                                "traitReference": "is.localized.displayedAs",
                                                                "arguments": [
                                                                    {
                                                                        "entityReference": {
                                                                            "entityShape": "localizedTable",
                                                                            "constantValues": [
                                                                                [
                                                                                    "en",
                                                                                    "Currency"
                                                                                ]
                                                                            ]
                                                                        }
                                                                    }
                                                                ]
                                                            },
                                                            {
                                                                "traitReference": "is.localized.describedAs",
                                                                "arguments": [
                                                                    {
                                                                        "entityReference": {
                                                                            "entityShape": "localizedTable",
                                                                            "constantValues": [
                                                                                [
                                                                                    "en",
                                                                                    "Unique identifier of the currency associated with the discount type."
                                                                                ]
                                                                            ]
                                                                        }
                                                                    }
                                                                ]
                                                            }
                                                        ],
                                                        "sourceName": "transactioncurrencyid",
                                                        "sourceOrdering": 10030,
                                                        "isNullable": true,
                                                        "displayName": "Currency",
                                                        "description": "Unique identifier of the currency associated with the discount type."
                                                    }
                                                }
                                            ]
                                        }
                                    ]
                                }
                            }
                        ]
                    }
                }
            ]
        }
    ]
}