<ImportExportXml version="9.0.2.2272" SolutionPackageVersion="9.0" languagecode="1033" generatedBy="CrmLive" xmlns:xsi="http://www.w3.org/2001/XMLSchema-instance">
  <SolutionManifest>
    <UniqueName>Dynamics365HigherEducationAccelerator</UniqueName>
    <LocalizedNames>
      <LocalizedName description="Dynamics 365 Higher Education Accelerator" languagecode="1033" />
    </LocalizedNames>
    <Descriptions>
      <Description description="Accelerator for Higher Education customers." languagecode="1033" />
    </Descriptions>
    <Version>1.0.0.6</Version>
    <Managed>1</Managed>
    <Publisher>
      <UniqueName>dynamics365highereducationaccelerator</UniqueName>
      <LocalizedNames>
        <LocalizedName description="Dynamics 365 Higher Education Accelerator" languagecode="1033" />
      </LocalizedNames>
      <Descriptions>
        <Description description="Dynamics 365 Higher Education Accelerator" languagecode="1033" />
      </Descriptions>
      <EMailAddress xsi:nil="true"></EMailAddress>
      <SupportingWebsiteUrl xsi:nil="true"></SupportingWebsiteUrl>
      <CustomizationPrefix>mshied</CustomizationPrefix>
      <CustomizationOptionValuePrefix>49428</CustomizationOptionValuePrefix>
      <Addresses>
        <Address>
          <AddressNumber>1</AddressNumber>
          <AddressTypeCode>1</AddressTypeCode>
          <City xsi:nil="true"></City>
          <County xsi:nil="true"></County>
          <Country xsi:nil="true"></Country>
          <Fax xsi:nil="true"></Fax>
          <FreightTermsCode xsi:nil="true"></FreightTermsCode>
          <ImportSequenceNumber xsi:nil="true"></ImportSequenceNumber>
          <Latitude xsi:nil="true"></Latitude>
          <Line1 xsi:nil="true"></Line1>
          <Line2 xsi:nil="true"></Line2>
          <Line3 xsi:nil="true"></Line3>
          <Longitude xsi:nil="true"></Longitude>
          <Name xsi:nil="true"></Name>
          <PostalCode xsi:nil="true"></PostalCode>
          <PostOfficeBox xsi:nil="true"></PostOfficeBox>
          <PrimaryContactName xsi:nil="true"></PrimaryContactName>
          <ShippingMethodCode>1</ShippingMethodCode>
          <StateOrProvince xsi:nil="true"></StateOrProvince>
          <Telephone1 xsi:nil="true"></Telephone1>
          <Telephone2 xsi:nil="true"></Telephone2>
          <Telephone3 xsi:nil="true"></Telephone3>
          <TimeZoneRuleVersionNumber xsi:nil="true"></TimeZoneRuleVersionNumber>
          <UPSZone xsi:nil="true"></UPSZone>
          <UTCOffset xsi:nil="true"></UTCOffset>
          <UTCConversionTimeZoneCode xsi:nil="true"></UTCConversionTimeZoneCode>
        </Address>
        <Address>
          <AddressNumber>2</AddressNumber>
          <AddressTypeCode>1</AddressTypeCode>
          <City xsi:nil="true"></City>
          <County xsi:nil="true"></County>
          <Country xsi:nil="true"></Country>
          <Fax xsi:nil="true"></Fax>
          <FreightTermsCode xsi:nil="true"></FreightTermsCode>
          <ImportSequenceNumber xsi:nil="true"></ImportSequenceNumber>
          <Latitude xsi:nil="true"></Latitude>
          <Line1 xsi:nil="true"></Line1>
          <Line2 xsi:nil="true"></Line2>
          <Line3 xsi:nil="true"></Line3>
          <Longitude xsi:nil="true"></Longitude>
          <Name xsi:nil="true"></Name>
          <PostalCode xsi:nil="true"></PostalCode>
          <PostOfficeBox xsi:nil="true"></PostOfficeBox>
          <PrimaryContactName xsi:nil="true"></PrimaryContactName>
          <ShippingMethodCode>1</ShippingMethodCode>
          <StateOrProvince xsi:nil="true"></StateOrProvince>
          <Telephone1 xsi:nil="true"></Telephone1>
          <Telephone2 xsi:nil="true"></Telephone2>
          <Telephone3 xsi:nil="true"></Telephone3>
          <TimeZoneRuleVersionNumber xsi:nil="true"></TimeZoneRuleVersionNumber>
          <UPSZone xsi:nil="true"></UPSZone>
          <UTCOffset xsi:nil="true"></UTCOffset>
          <UTCConversionTimeZoneCode xsi:nil="true"></UTCConversionTimeZoneCode>
        </Address>
      </Addresses>
    </Publisher>
    <RootComponents>
      <RootComponent type="1" schemaName="account" behavior="1" />
      <RootComponent type="1" schemaName="contact" behavior="1" />
      <RootComponent type="1" schemaName="customeraddress" behavior="1" />
      <RootComponent type="1" schemaName="mshied_academicperiod" behavior="0" />
      <RootComponent type="1" schemaName="mshied_academicperioddetails" behavior="0" />
      <RootComponent type="1" schemaName="mshied_areaofinterest" behavior="0" />
      <RootComponent type="1" schemaName="mshied_areaofstudy" behavior="0" />
      <RootComponent type="1" schemaName="mshied_course" behavior="0" />
      <RootComponent type="1" schemaName="mshied_coursehistory" behavior="0" />
      <RootComponent type="1" schemaName="mshied_coursesection" behavior="0" />
      <RootComponent type="1" schemaName="mshied_educationlevel" behavior="0" />
      <RootComponent type="1" schemaName="mshied_extracurricularactivities" behavior="0" />
      <RootComponent type="1" schemaName="mshied_extracurricularparticipant" behavior="0" />
      <RootComponent type="1" schemaName="mshied_previouseducation" behavior="0" />
      <RootComponent type="1" schemaName="mshied_program" behavior="0" />
      <RootComponent type="1" schemaName="mshied_programlevel" behavior="0" />
      <RootComponent type="1" schemaName="mshied_programversion" behavior="0" />
      <RootComponent type="1" schemaName="mshied_programversiondetail" behavior="0" />
      <RootComponent type="1" schemaName="mshied_registrationstatus" behavior="0" />
      <RootComponent type="1" schemaName="mshied_studentprogramtype" behavior="0" />
      <RootComponent type="1" schemaName="mshied_studentstatus" behavior="0" />
      <RootComponent type="1" schemaName="mshied_testscore" behavior="0" />
      <RootComponent type="1" schemaName="mshied_testtype" behavior="0" />
      <RootComponent type="1" schemaName="systemuser" behavior="0" />
      <RootComponent type="9" schemaName="mshied_sourcesystem" behavior="0" />
      <RootComponent type="60" id="{07a6750f-45bc-463b-a289-461aaaf07ead}" behavior="0" />
      <RootComponent type="60" id="{1a2a701c-cc89-4d21-91de-6b82dc2800d8}" behavior="0" />
      <RootComponent type="60" id="{28d0a773-f4b7-490c-a874-a3081a8935cb}" behavior="0" />
      <RootComponent type="60" id="{348e6b7e-c92d-459c-a244-8b11fd92285d}" behavior="0" />
      <RootComponent type="60" id="{4581e4cc-4249-4284-9153-f5c067f9f08c}" behavior="0" />
      <RootComponent type="60" id="{47fdaedb-2ad0-43c1-901c-74dd9d97246b}" behavior="0" />
      <RootComponent type="60" id="{4fe0a426-0a9f-473a-a61c-0888c1163d8b}" behavior="0" />
      <RootComponent type="60" id="{7e1e3ab3-36f1-44b3-9edd-3b4bc2eee0ca}" behavior="0" />
      <RootComponent type="60" id="{91d14055-12b2-4d18-9e7c-59603e5a2295}" behavior="0" />
      <RootComponent type="60" id="{94e03ecc-4d02-4883-a10b-258dbabbd4bf}" behavior="0" />
      <RootComponent type="60" id="{ce98cf94-4282-42e6-91cd-2fa2cf10e2c6}" behavior="0" />
      <RootComponent type="60" id="{d3ee6982-e236-4ec4-922a-48105dc85838}" behavior="0" />
      <RootComponent type="60" id="{d570ad6c-005c-4081-97e8-2bef82cbf270}" behavior="0" />
      <RootComponent type="60" id="{db8be84c-d15a-493c-a12e-e64a22b719b6}" behavior="0" />
      <RootComponent type="60" id="{dc419af9-8994-4f86-91db-8d0169c0ad4e}" behavior="0" />
      <RootComponent type="60" id="{dd5ab922-6b10-40a8-9153-7335d7620ff8}" behavior="0" />
      <RootComponent type="60" id="{e0cdf818-01a3-43f7-aa7f-e09139e2c9f8}" behavior="0" />
      <RootComponent type="60" id="{e132893b-a243-4505-af11-1f69dc0ae1c3}" behavior="0" />
      <RootComponent type="60" id="{e32a226b-5575-4cb5-8537-603c7a7e4841}" behavior="0" />
      <RootComponent type="60" id="{e7df7fdf-7bae-48b8-a713-3a73d86e73e0}" behavior="0" />
      <RootComponent type="60" id="{f5f92521-69be-4808-8199-aa79cc172fab}" behavior="0" />
      <RootComponent type="61" schemaName="mshied_AcademicPeriod" behavior="0" />
      <RootComponent type="61" schemaName="mshied_AcademicPeriod16" behavior="0" />
      <RootComponent type="61" schemaName="mshied_academicperiodstatus" behavior="0" />
      <RootComponent type="61" schemaName="mshied_AcademicPeriodStatus16" behavior="0" />
      <RootComponent type="61" schemaName="mshied_AcademicPeriodStatusSVG" behavior="0" />
      <RootComponent type="61" schemaName="mshied_AcademicPeriodSVG" behavior="0" />
      <RootComponent type="61" schemaName="mshied_Address" behavior="0" />
      <RootComponent type="61" schemaName="mshied_Address16" behavior="0" />
      <RootComponent type="61" schemaName="mshied_AddressSVG" behavior="0" />
      <RootComponent type="61" schemaName="mshied_AreaofInterest" behavior="0" />
      <RootComponent type="61" schemaName="mshied_AreaofInterest16" behavior="0" />
      <RootComponent type="61" schemaName="mshied_AreaofInterestSVG" behavior="0" />
      <RootComponent type="61" schemaName="mshied_AreaofStudy" behavior="0" />
      <RootComponent type="61" schemaName="mshied_AreaofStudy16" behavior="0" />
      <RootComponent type="61" schemaName="mshied_AreaofStudySVG" behavior="0" />
      <RootComponent type="61" schemaName="mshied_Course" behavior="0" />
      <RootComponent type="61" schemaName="mshied_Course16" behavior="0" />
      <RootComponent type="61" schemaName="mshied_CourseHistory" behavior="0" />
      <RootComponent type="61" schemaName="mshied_CourseHistory16" behavior="0" />
      <RootComponent type="61" schemaName="mshied_CourseHistorySVG" behavior="0" />
      <RootComponent type="61" schemaName="mshied_CourseSVG" behavior="0" />
      <RootComponent type="61" schemaName="mshied_EducationLevel" behavior="0" />
      <RootComponent type="61" schemaName="mshied_EducationLevel16" behavior="0" />
      <RootComponent type="61" schemaName="mshied_EducationLevelSVG" behavior="0" />
      <RootComponent type="61" schemaName="mshied_ExtraCurricular" behavior="0" />
      <RootComponent type="61" schemaName="mshied_ExtraCurricular16" behavior="0" />
      <RootComponent type="61" schemaName="mshied_ExtraCurricularSVG" behavior="0" />
      <RootComponent type="61" schemaName="mshied_HigherEducationApp" behavior="0" />
      <RootComponent type="61" schemaName="mshied_PreviousEducation" behavior="0" />
      <RootComponent type="61" schemaName="mshied_PreviousEducation16" behavior="0" />
      <RootComponent type="61" schemaName="mshied_PreviousEducationSVG" behavior="0" />
      <RootComponent type="61" schemaName="mshied_Program" behavior="0" />
      <RootComponent type="61" schemaName="mshied_Program16" behavior="0" />
      <RootComponent type="61" schemaName="mshied_ProgramLevel" behavior="0" />
      <RootComponent type="61" schemaName="mshied_ProgramLevel16" behavior="0" />
      <RootComponent type="61" schemaName="mshied_ProgramLevelSVG" behavior="0" />
      <RootComponent type="61" schemaName="mshied_ProgramSVG" behavior="0" />
      <RootComponent type="61" schemaName="mshied_ProgramVersion" behavior="0" />
      <RootComponent type="61" schemaName="mshied_ProgramVersion16" behavior="0" />
      <RootComponent type="61" schemaName="mshied_ProgramVersionDetails" behavior="0" />
      <RootComponent type="61" schemaName="mshied_ProgramVersionDetails16" behavior="0" />
      <RootComponent type="61" schemaName="mshied_ProgramVersionDetailsSVG" behavior="0" />
      <RootComponent type="61" schemaName="mshied_ProgramVersionSVG" behavior="0" />
      <RootComponent type="61" schemaName="mshied_RegistrationStatus" behavior="0" />
      <RootComponent type="61" schemaName="mshied_RegistrationStatus16" behavior="0" />
      <RootComponent type="61" schemaName="mshied_RegistrationStatusSVG" behavior="0" />
      <RootComponent type="61" schemaName="mshied_Role" behavior="0" />
      <RootComponent type="61" schemaName="mshied_Role16" behavior="0" />
      <RootComponent type="61" schemaName="mshied_RoleSVG" behavior="0" />
      <RootComponent type="61" schemaName="mshied_SchoolStatus" behavior="0" />
      <RootComponent type="61" schemaName="mshied_SchoolStatus16" behavior="0" />
      <RootComponent type="61" schemaName="mshied_SchoolStatusSVG" behavior="0" />
      <RootComponent type="61" schemaName="mshied_StaffCourse" behavior="0" />
      <RootComponent type="61" schemaName="mshied_StaffCourse16" behavior="0" />
      <RootComponent type="61" schemaName="mshied_StaffCourseSVG" behavior="0" />
      <RootComponent type="61" schemaName="mshied_StudentCategory" behavior="0" />
      <RootComponent type="61" schemaName="mshied_StudentCategory16" behavior="0" />
      <RootComponent type="61" schemaName="mshied_StudentCategorySVG" behavior="0" />
      <RootComponent type="61" schemaName="mshied_StudentExtraCurricular" behavior="0" />
      <RootComponent type="61" schemaName="mshied_StudentExtraCurricular16" behavior="0" />
      <RootComponent type="61" schemaName="mshied_StudentExtraCurricularSVG" behavior="0" />
      <RootComponent type="61" schemaName="mshied_StudentProgramType" behavior="0" />
      <RootComponent type="61" schemaName="mshied_StudentProgramType16" behavior="0" />
      <RootComponent type="61" schemaName="mshied_StudentProgramTypeSVG" behavior="0" />
      <RootComponent type="61" schemaName="mshied_TestScore" behavior="0" />
      <RootComponent type="61" schemaName="mshied_TestScore16" behavior="0" />
      <RootComponent type="61" schemaName="mshied_TestScoreSVG" behavior="0" />
      <RootComponent type="61" schemaName="mshied_TestType" behavior="0" />
      <RootComponent type="61" schemaName="mshied_TestType16" behavior="0" />
      <RootComponent type="61" schemaName="mshied_TestTypeSVG" behavior="0" />
      <RootComponent type="62" schemaName="mshied_HigherEd" behavior="0" />
      <RootComponent type="80" schemaName="mshied_HigherEd" behavior="0" />
    </RootComponents>
    <MissingDependencies>
      <MissingDependency>
        <Required key="0" type="1" schemaName="msdyn_wallsavedqueryusersettings" displayName="Filter" solution="ActivityFeedsCore (9.0.0.0)" />
        <Dependent key="1" type="1" schemaName="systemuser" displayName="User" />
      </MissingDependency>
      <MissingDependency>
        <Required key="2" type="1" schemaName="opportunity" displayName="Opportunity" solution="msdynce_Sales (9.0.4.0076)" />
        <Dependent key="3" type="60" displayName="Higher Education Account Form" parentDisplayName="Account" id="{d3ee6982-e236-4ec4-922a-48105dc85838}" />
      </MissingDependency>
      <MissingDependency>
        <Required key="4" type="2" schemaName="territoryid" displayName="Territory" parentSchemaName="systemuser" parentDisplayName="User" solution="msdynce_AppCommon (9.0.4.0066)" />
        <Dependent key="5" type="60" displayName="Higher Education User Form" parentDisplayName="User" id="{91d14055-12b2-4d18-9e7c-59603e5a2295}" />
      </MissingDependency>
      <MissingDependency>
        <Required key="4" type="2" schemaName="territoryid" displayName="Territory" parentSchemaName="systemuser" parentDisplayName="User" solution="msdynce_AppCommon (9.0.4.0066)" />
        <Dependent key="6" type="60" displayName="Information" parentDisplayName="User" id="{c0d7d7dd-afd0-4675-85fe-1cc5a48be6df}" />
      </MissingDependency>
      <MissingDependency>
        <Required key="7" type="2" schemaName="siteid" displayName="Site" parentSchemaName="systemuser" parentDisplayName="User" solution="msdynce_Service (9.0.5.56)" />
        <Dependent key="5" type="60" displayName="Higher Education User Form" parentDisplayName="User" id="{91d14055-12b2-4d18-9e7c-59603e5a2295}" />
      </MissingDependency>
      <MissingDependency>
        <Required key="7" type="2" schemaName="siteid" displayName="Site" parentSchemaName="systemuser" parentDisplayName="User" solution="msdynce_Service (9.0.5.56)" />
        <Dependent key="6" type="60" displayName="Information" parentDisplayName="User" id="{c0d7d7dd-afd0-4675-85fe-1cc5a48be6df}" />
      </MissingDependency>
      <MissingDependency>
        <Required key="8" type="26" schemaName="Recent Opportunities" displayName="Recent Opportunities" parentSchemaName="opportunity" parentDisplayName="Opportunity" solution="msdynce_Sales (9.0.4.0076)" id="{9c3f7ee8-eca7-e211-9fb6-00155dd0ea05}" />
        <Dependent key="3" type="60" displayName="Higher Education Account Form" parentDisplayName="Account" id="{d3ee6982-e236-4ec4-922a-48105dc85838}" />
      </MissingDependency>
      <MissingDependency>
        <Required key="9" type="26" schemaName="My Open Opportunities" displayName="My Open Opportunities" parentSchemaName="opportunity" parentDisplayName="Opportunity" solution="msdynce_Sales (9.0.4.0076)" id="{00000000-0000-0000-00aa-000010003000}" />
        <Dependent key="3" type="60" displayName="Higher Education Account Form" parentDisplayName="Account" id="{d3ee6982-e236-4ec4-922a-48105dc85838}" />
      </MissingDependency>
      <MissingDependency>
        <Required key="10" type="59" schemaName="Top Customers" displayName="Top Customers" parentSchemaName="opportunity" parentDisplayName="Opportunity" solution="msdynce_Sales (9.0.4.0076)" id="{8bc5fb18-48f2-4782-9e16-3d452fa4ddce}" />
        <Dependent key="3" type="60" displayName="Higher Education Account Form" parentDisplayName="Account" id="{d3ee6982-e236-4ec4-922a-48105dc85838}" />
      </MissingDependency>
      <MissingDependency>
        <Required key="11" type="61" schemaName="msdyn_talkingpointsloader.js" displayName="msdyn_talkingpointsloader.js" solution="Icebreakers (9.0.1.7097)" />
        <Dependent key="12" type="60" displayName="Higher Education Contact Form" parentDisplayName="Contact" id="{dc419af9-8994-4f86-91db-8d0169c0ad4e}" />
      </MissingDependency>
      <MissingDependency>
        <Required key="13" type="61" schemaName="msdyn_/Images/AppModule_Default_Icon.png" displayName="msdyn_/Images/AppModule_Default_Icon.png" solution="AppModuleWebResources (2.5)" />
        <Dependent key="14" type="80" schemaName="mshied_HigherEd" displayName="Higher Ed" />
      </MissingDependency>
      <MissingDependency>
        <Required key="15" type="61" schemaName="msdyn_/RecordWall.htm" displayName="msdyn_/RecordWall.htm" solution="ActivityFeedsCore (9.0.0.0)" />
        <Dependent key="6" type="60" displayName="Information" parentDisplayName="User" id="{c0d7d7dd-afd0-4675-85fe-1cc5a48be6df}" />
      </MissingDependency>
      <MissingDependency>
        <Required key="16" type="61" schemaName="msdyn_/ActivityFeeds.Form.js" displayName="msdyn_/ActivityFeeds.Form.js" solution="ActivityFeedsCore (9.0.0.0)" />
        <Dependent key="6" type="60" displayName="Information" parentDisplayName="User" id="{c0d7d7dd-afd0-4675-85fe-1cc5a48be6df}" />
      </MissingDependency>
    </MissingDependencies>
  </SolutionManifest>
</ImportExportXml>