<ImportExportXml version="9.1.0.288" SolutionPackageVersion="9.1" languagecode="1033" generatedBy="CrmLive" xmlns:xsi="http://www.w3.org/2001/XMLSchema-instance">
  <SolutionManifest>
    <UniqueName>MicrosoftDynamics365NonprofitAccelerator</UniqueName>
    <LocalizedNames>
      <LocalizedName description="Microsoft Dynamics 365 Nonprofit Accelerator" languagecode="1033" />
    </LocalizedNames>
    <Descriptions />
    <Version>1.0.10</Version>
    <Managed>1</Managed>
    <Publisher>
      <UniqueName>microsoftdynamics365nonprofitaccelerator</UniqueName>
      <LocalizedNames>
        <LocalizedName description="Microsoft Dynamics 365 Nonprofit Accelerator" languagecode="1033" />
      </LocalizedNames>
      <Descriptions />
      <EMailAddress xsi:nil="true"></EMailAddress>
      <SupportingWebsiteUrl xsi:nil="true"></SupportingWebsiteUrl>
      <CustomizationPrefix>msnfp</CustomizationPrefix>
      <CustomizationOptionValuePrefix>84406</CustomizationOptionValuePrefix>
      <Addresses>
        <Address>
          <AddressNumber>1</AddressNumber>
          <AddressTypeCode>1</AddressTypeCode>
          <City xsi:nil="true"></City>
          <County xsi:nil="true"></County>
          <Country xsi:nil="true"></Country>
          <Fax xsi:nil="true"></Fax>
          <FreightTermsCode xsi:nil="true"></FreightTermsCode>
          <ImportSequenceNumber xsi:nil="true"></ImportSequenceNumber>
          <Latitude xsi:nil="true"></Latitude>
          <Line1 xsi:nil="true"></Line1>
          <Line2 xsi:nil="true"></Line2>
          <Line3 xsi:nil="true"></Line3>
          <Longitude xsi:nil="true"></Longitude>
          <Name xsi:nil="true"></Name>
          <PostalCode xsi:nil="true"></PostalCode>
          <PostOfficeBox xsi:nil="true"></PostOfficeBox>
          <PrimaryContactName xsi:nil="true"></PrimaryContactName>
          <ShippingMethodCode>1</ShippingMethodCode>
          <StateOrProvince xsi:nil="true"></StateOrProvince>
          <Telephone1 xsi:nil="true"></Telephone1>
          <Telephone2 xsi:nil="true"></Telephone2>
          <Telephone3 xsi:nil="true"></Telephone3>
          <TimeZoneRuleVersionNumber xsi:nil="true"></TimeZoneRuleVersionNumber>
          <UPSZone xsi:nil="true"></UPSZone>
          <UTCOffset xsi:nil="true"></UTCOffset>
          <UTCConversionTimeZoneCode xsi:nil="true"></UTCConversionTimeZoneCode>
        </Address>
        <Address>
          <AddressNumber>2</AddressNumber>
          <AddressTypeCode>1</AddressTypeCode>
          <City xsi:nil="true"></City>
          <County xsi:nil="true"></County>
          <Country xsi:nil="true"></Country>
          <Fax xsi:nil="true"></Fax>
          <FreightTermsCode xsi:nil="true"></FreightTermsCode>
          <ImportSequenceNumber xsi:nil="true"></ImportSequenceNumber>
          <Latitude xsi:nil="true"></Latitude>
          <Line1 xsi:nil="true"></Line1>
          <Line2 xsi:nil="true"></Line2>
          <Line3 xsi:nil="true"></Line3>
          <Longitude xsi:nil="true"></Longitude>
          <Name xsi:nil="true"></Name>
          <PostalCode xsi:nil="true"></PostalCode>
          <PostOfficeBox xsi:nil="true"></PostOfficeBox>
          <PrimaryContactName xsi:nil="true"></PrimaryContactName>
          <ShippingMethodCode>1</ShippingMethodCode>
          <StateOrProvince xsi:nil="true"></StateOrProvince>
          <Telephone1 xsi:nil="true"></Telephone1>
          <Telephone2 xsi:nil="true"></Telephone2>
          <Telephone3 xsi:nil="true"></Telephone3>
          <TimeZoneRuleVersionNumber xsi:nil="true"></TimeZoneRuleVersionNumber>
          <UPSZone xsi:nil="true"></UPSZone>
          <UTCOffset xsi:nil="true"></UTCOffset>
          <UTCConversionTimeZoneCode xsi:nil="true"></UTCConversionTimeZoneCode>
        </Address>
      </Addresses>
    </Publisher>
    <RootComponents>
      <RootComponent type="1" schemaName="account" behavior="2" />
      <RootComponent type="1" schemaName="campaign" behavior="2" />
      <RootComponent type="1" schemaName="contact" behavior="2" />
      <RootComponent type="1" schemaName="customeraddress" behavior="2" />
      <RootComponent type="1" schemaName="lead" behavior="2" />
      <RootComponent type="1" schemaName="msnfp_award" behavior="0" />
      <RootComponent type="1" schemaName="msnfp_awardversion" behavior="0" />
      <RootComponent type="1" schemaName="msnfp_budget" behavior="0" />
      <RootComponent type="1" schemaName="msnfp_creditplan" behavior="0" />
      <RootComponent type="1" schemaName="msnfp_creditrecipient" behavior="0" />
      <RootComponent type="1" schemaName="msnfp_deliveryframework" behavior="0" />
      <RootComponent type="1" schemaName="msnfp_designatedcredit" behavior="0" />
      <RootComponent type="1" schemaName="msnfp_designation" behavior="0" />
      <RootComponent type="1" schemaName="msnfp_designationplan" behavior="0" />
      <RootComponent type="1" schemaName="msnfp_disbursement" behavior="0" />
      <RootComponent type="1" schemaName="msnfp_disbursementdistribution" behavior="0" />
      <RootComponent type="1" schemaName="msnfp_docket" behavior="0" />
      <RootComponent type="1" schemaName="msnfp_donorcommitment" behavior="0" />
      <RootComponent type="1" schemaName="msnfp_education" behavior="0" />
      <RootComponent type="1" schemaName="msnfp_employmenthistory" behavior="0" />
      <RootComponent type="1" schemaName="msnfp_indicator" behavior="0" />
      <RootComponent type="1" schemaName="msnfp_indicatorvalue" behavior="0" />
      <RootComponent type="1" schemaName="msnfp_objective" behavior="0" />
      <RootComponent type="1" schemaName="msnfp_ofacmatch" behavior="0" />
      <RootComponent type="1" schemaName="msnfp_paymentasset" behavior="0" />
      <RootComponent type="1" schemaName="msnfp_paymentmethod" behavior="0" />
      <RootComponent type="1" schemaName="msnfp_paymentprocessor" behavior="0" />
      <RootComponent type="1" schemaName="msnfp_paymentschedule" behavior="0" />
      <RootComponent type="1" schemaName="msnfp_plannedgiving" behavior="0" />
      <RootComponent type="1" schemaName="msnfp_preference" behavior="0" />
      <RootComponent type="1" schemaName="msnfp_recommendation" behavior="0" />
      <RootComponent type="1" schemaName="msnfp_report" behavior="0" />
      <RootComponent type="1" schemaName="msnfp_request" behavior="0" />
      <RootComponent type="1" schemaName="msnfp_result" behavior="0" />
      <RootComponent type="1" schemaName="msnfp_review" behavior="0" />
      <RootComponent type="1" schemaName="msnfp_salutation" behavior="0" />
      <RootComponent type="1" schemaName="msnfp_transaction" behavior="0" />
      <RootComponent type="1" schemaName="opportunity" behavior="1" />
      <RootComponent type="9" schemaName="msnfp_accounttype" behavior="0" />
      <RootComponent type="9" schemaName="msnfp_addressstatusreason" behavior="0" />
      <RootComponent type="9" schemaName="msnfp_adjustmentreasonoption" behavior="0" />
      <RootComponent type="9" schemaName="msnfp_adjustmenttypeoption" behavior="0" />
      <RootComponent type="9" schemaName="msnfp_affiliationrole" behavior="0" />
      <RootComponent type="9" schemaName="msnfp_agerange" behavior="0" />
      <RootComponent type="9" schemaName="msnfp_bankaccounttype" behavior="0" />
      <RootComponent type="9" schemaName="msnfp_bequestsource" behavior="0" />
      <RootComponent type="9" schemaName="msnfp_collegetype" behavior="0" />
      <RootComponent type="9" schemaName="msnfp_commchannel" behavior="0" />
      <RootComponent type="9" schemaName="msnfp_commitmentstatus" behavior="0" />
      <RootComponent type="9" schemaName="msnfp_commitmenttype" behavior="0" />
      <RootComponent type="9" schemaName="msnfp_constituenttypeoption" behavior="0" />
      <RootComponent type="9" schemaName="msnfp_contacttitle" behavior="0" />
      <RootComponent type="9" schemaName="msnfp_creditcardissuer" behavior="0" />
      <RootComponent type="9" schemaName="msnfp_creditreasonoption" behavior="0" />
      <RootComponent type="9" schemaName="msnfp_credittypeoption" behavior="0" />
      <RootComponent type="9" schemaName="msnfp_dataentrytype" behavior="0" />
      <RootComponent type="9" schemaName="msnfp_daysofmonth" behavior="0" />
      <RootComponent type="9" schemaName="msnfp_degreetype" behavior="0" />
      <RootComponent type="9" schemaName="msnfp_designationrestrictiontype" behavior="0" />
      <RootComponent type="9" schemaName="msnfp_educationdepartment" behavior="0" />
      <RootComponent type="9" schemaName="msnfp_educationmajor" behavior="0" />
      <RootComponent type="9" schemaName="msnfp_endowmenttype" behavior="0" />
      <RootComponent type="9" schemaName="msnfp_ethnicity" behavior="0" />
      <RootComponent type="9" schemaName="msnfp_gender" behavior="0" />
      <RootComponent type="9" schemaName="msnfp_installmentroundingpreference" behavior="0" />
      <RootComponent type="9" schemaName="msnfp_lifeeventtype" behavior="0" />
      <RootComponent type="9" schemaName="msnfp_maritalstatus" behavior="0" />
      <RootComponent type="9" schemaName="msnfp_matchingdistributionfrequency" behavior="0" />
      <RootComponent type="9" schemaName="msnfp_monthname" behavior="0" />
      <RootComponent type="9" schemaName="msnfp_paymentassetcategory" behavior="0" />
      <RootComponent type="9" schemaName="msnfp_paymentassetsubcategory" behavior="0" />
      <RootComponent type="9" schemaName="msnfp_paymentassettype" behavior="0" />
      <RootComponent type="9" schemaName="msnfp_paymentmethodstatus" behavior="0" />
      <RootComponent type="9" schemaName="msnfp_paymentmethodtype" behavior="0" />
      <RootComponent type="9" schemaName="msnfp_paymentschedulestatus" behavior="0" />
      <RootComponent type="9" schemaName="msnfp_plannedgivingstage" behavior="0" />
      <RootComponent type="9" schemaName="msnfp_plannedgivingtermtype" behavior="0" />
      <RootComponent type="9" schemaName="msnfp_plannedgivingtype" behavior="0" />
      <RootComponent type="9" schemaName="msnfp_preferencekeyoption" behavior="0" />
      <RootComponent type="9" schemaName="msnfp_recurrencefrequency" behavior="0" />
      <RootComponent type="9" schemaName="msnfp_region" behavior="0" />
      <RootComponent type="9" schemaName="msnfp_relationshiprole" behavior="0" />
      <RootComponent type="9" schemaName="msnfp_restrictiontype" behavior="0" />
      <RootComponent type="9" schemaName="msnfp_summaryperiodtypes" behavior="0" />
      <RootComponent type="9" schemaName="msnfp_transactionstatus" behavior="0" />
      <RootComponent type="9" schemaName="msnfp_tributedeliverytype" behavior="0" />
      <RootComponent type="9" schemaName="msnfp_tributetype" behavior="0" />
      <RootComponent type="60" id="{177f7cf1-f25f-4b99-a399-0a07fc7d3210}" behavior="0" />
      <RootComponent type="60" id="{179d553f-4804-4452-aa11-7212d2d4dc14}" behavior="0" />
      <RootComponent type="60" id="{1bc44b42-020e-4372-8bb4-96bc4f28ea6a}" behavior="0" />
      <RootComponent type="60" id="{24b0789d-104f-4e7f-afdf-beaf30a6a2ea}" behavior="0" />
      <RootComponent type="60" id="{2a027e50-bb51-4bab-86b4-c5f82cb90aff}" behavior="0" />
      <RootComponent type="60" id="{32c4e14d-ec23-41ef-809f-8de302a53cca}" behavior="0" />
      <RootComponent type="60" id="{3d24f0c9-b90d-40c0-b0fc-3164a0c1b77e}" behavior="0" />
      <RootComponent type="60" id="{3ecba9af-afc4-4bdf-a951-8a771a9add4a}" behavior="0" />
      <RootComponent type="60" id="{3f0d5bcb-d180-4f23-969d-bc6127ddf6aa}" behavior="0" />
      <RootComponent type="60" id="{3f695518-8b05-4ff5-a950-f7dd6868a43b}" behavior="0" />
      <RootComponent type="60" id="{41e0b21c-d8d3-e811-a960-000d3a37870e}" behavior="0" />
      <RootComponent type="60" id="{4db0d2cc-c4d3-4385-88c7-cfce41c670d6}" behavior="0" />
      <RootComponent type="60" id="{54c9d0b8-179e-438a-bd9e-8637d4ca823c}" behavior="0" />
      <RootComponent type="60" id="{54e5239b-37db-44b5-8892-d360aa6757ce}" behavior="0" />
      <RootComponent type="60" id="{56b2d9d6-1249-4711-8b6a-d561665b551d}" behavior="0" />
      <RootComponent type="60" id="{6356ff2a-bbbe-49fb-9da2-160b08865688}" />
      <RootComponent type="60" id="{73e27fcd-65cd-490d-a56f-2041e32074cd}" behavior="0" />
      <RootComponent type="60" id="{740a8c55-c2d3-e811-a960-000d3a37870e}" behavior="0" />
      <RootComponent type="60" id="{819fa940-ae5b-4e8c-b1b3-28457bd22915}" behavior="0" />
      <RootComponent type="60" id="{82301e45-9836-40af-9817-043054d3a8f9}" behavior="0" />
      <RootComponent type="60" id="{82c168ff-73d8-e811-a963-000d3a37839b}" behavior="0" />
      <RootComponent type="60" id="{8d696b7a-87cd-4882-91d8-829c04f580a4}" behavior="0" />
      <RootComponent type="60" id="{90b72157-c772-47de-abe6-0feb1d0d724c}" behavior="0" />
      <RootComponent type="60" id="{95dc2ba5-631b-42ae-8c1c-b4f1f9f2e826}" behavior="0" />
      <RootComponent type="60" id="{978fd9f0-a8ab-4e7e-8fdf-38e4099593d4}" behavior="0" />
      <RootComponent type="60" id="{98a843ae-2648-4cf6-99d3-1d027e015cc2}" behavior="0" />
      <RootComponent type="60" id="{9c3463dd-9284-4701-b321-f7798677419c}" behavior="0" />
      <RootComponent type="60" id="{a2b385c6-2574-4959-8a3c-45e453231d3f}" behavior="0" />
      <RootComponent type="60" id="{a4c84f67-44b9-475e-97c5-156b28df82ed}" behavior="0" />
      <RootComponent type="60" id="{a5128853-c361-4f48-b0de-440084d3aeb2}" behavior="0" />
      <RootComponent type="60" id="{a84312ec-b9b6-4dc9-8b14-54611a0a2af9}" behavior="0" />
      <RootComponent type="60" id="{ab63b07d-43b5-4d80-ada4-cc1629e24dce}" behavior="0" />
      <RootComponent type="60" id="{ae3332da-09f4-4903-9ff6-a72678a28596}" behavior="0" />
      <RootComponent type="60" id="{b3b36741-d5ba-4a3b-99bd-8152667492c6}" behavior="0" />
      <RootComponent type="60" id="{c05dc462-a4ca-46ea-a66a-1cfbad10bb1b}" behavior="0" />
      <RootComponent type="60" id="{c1f1ebdc-6647-4bf4-b585-4d67156d20b3}" behavior="0" />
      <RootComponent type="60" id="{cc1c2700-632e-4345-a869-15d54109b222}" behavior="0" />
      <RootComponent type="60" id="{d43ccd47-d43e-4739-b9dc-6d6c6738b7c9}" behavior="0" />
      <RootComponent type="60" id="{df091518-93e0-4dbf-9d86-ac49fa62c2eb}" behavior="0" />
      <RootComponent type="60" id="{df5bef3a-9237-40bd-a27c-2cd7fd434706}" />
      <RootComponent type="60" id="{e16bf424-d4b1-4405-aafa-ac8a69dec819}" behavior="0" />
      <RootComponent type="60" id="{e3458849-0737-42c9-ae4d-e600978ce137}" behavior="0" />
      <RootComponent type="60" id="{e77b6b08-09e8-459e-bce3-693a4c2fdc6f}" behavior="0" />
      <RootComponent type="60" id="{ea98882b-cf11-4bae-ad12-3fc3697114c5}" behavior="0" />
      <RootComponent type="60" id="{ebc50656-b3b8-4f05-9138-bc0786c1f814}" behavior="0" />
      <RootComponent type="60" id="{fd3fd08d-75a8-4498-8234-b29d22a0a8a6}" behavior="0" />
      <RootComponent type="61" schemaName="msnfp_/images/benchmark_update_16" behavior="0" />
      <RootComponent type="61" schemaName="msnfp_/images/benchmark_update_32" behavior="0" />
      <RootComponent type="61" schemaName="msnfp_/images/contributing_program_16" behavior="0" />
      <RootComponent type="61" schemaName="msnfp_/images/contributing_program_32" behavior="0" />
      <RootComponent type="61" schemaName="msnfp_/images/credit_plan_16" behavior="0" />
      <RootComponent type="61" schemaName="msnfp_/images/credit_plan_32" behavior="0" />
      <RootComponent type="61" schemaName="msnfp_/images/credit_plan_recipient_16" behavior="0" />
      <RootComponent type="61" schemaName="msnfp_/images/credit_plan_recipient_32" behavior="0" />
      <RootComponent type="61" schemaName="msnfp_/images/designation_plan_16" behavior="0" />
      <RootComponent type="61" schemaName="msnfp_/images/designation_plan_32" behavior="0" />
      <RootComponent type="61" schemaName="msnfp_/images/education_16" behavior="0" />
      <RootComponent type="61" schemaName="msnfp_/images/education_32" behavior="0" />
      <RootComponent type="61" schemaName="msnfp_/images/employment_history_16" behavior="0" />
      <RootComponent type="61" schemaName="msnfp_/images/employment_history_32" behavior="0" />
      <RootComponent type="61" schemaName="msnfp_/images/grant_award_version_16" behavior="0" />
      <RootComponent type="61" schemaName="msnfp_/images/grant_award_version_32" behavior="0" />
      <RootComponent type="61" schemaName="msnfp_/images/grant_payment_16" behavior="0" />
      <RootComponent type="61" schemaName="msnfp_/images/grant_payment_32" behavior="0" />
      <RootComponent type="61" schemaName="msnfp_/images/payment_asset_16" behavior="0" />
      <RootComponent type="61" schemaName="msnfp_/images/payment_asset_32" behavior="0" />
      <RootComponent type="61" schemaName="msnfp_/images/payment_schedule_16" behavior="0" />
      <RootComponent type="61" schemaName="msnfp_/images/payment_schedule_32" behavior="0" />
      <RootComponent type="61" schemaName="msnfp_/images/preference_16" behavior="0" />
      <RootComponent type="61" schemaName="msnfp_/images/preference_32" behavior="0" />
      <RootComponent type="61" schemaName="msnfp_/images/recommendation_16" behavior="0" />
      <RootComponent type="61" schemaName="msnfp_/images/recommendation_32" behavior="0" />
      <RootComponent type="61" schemaName="msnfp_/images/salutation_16" behavior="0" />
      <RootComponent type="61" schemaName="msnfp_/images/salutation_32" behavior="0" />
      <RootComponent type="61" schemaName="msnfp_benchmark16" behavior="0" />
      <RootComponent type="61" schemaName="msnfp_benchmark32" behavior="0" />
      <RootComponent type="61" schemaName="msnfp_benchmarksvg" behavior="0" />
      <RootComponent type="61" schemaName="msnfp_budget16" behavior="0" />
      <RootComponent type="61" schemaName="msnfp_budget32" behavior="0" />
      <RootComponent type="61" schemaName="msnfp_budgetsvg" behavior="0" />
      <RootComponent type="61" schemaName="msnfp_designationsvg" behavior="0" />
      <RootComponent type="61" schemaName="msnfp_destination16" behavior="0" />
      <RootComponent type="61" schemaName="msnfp_docket16" behavior="0" />
      <RootComponent type="61" schemaName="msnfp_docket32" behavior="0" />
      <RootComponent type="61" schemaName="msnfp_docketsvg" behavior="0" />
      <RootComponent type="61" schemaName="msnfp_donorcommitments16" behavior="0" />
      <RootComponent type="61" schemaName="msnfp_donorcommitments32" behavior="0" />
      <RootComponent type="61" schemaName="msnfp_donorcommitmentssvg" behavior="0" />
      <RootComponent type="61" schemaName="msnfp_estination32" behavior="0" />
      <RootComponent type="61" schemaName="msnfp_grantaward16" behavior="0" />
      <RootComponent type="61" schemaName="msnfp_grantaward32" behavior="0" />
      <RootComponent type="61" schemaName="msnfp_grantawardsvg" behavior="0" />
      <RootComponent type="61" schemaName="msnfp_grantrequest16" behavior="0" />
      <RootComponent type="61" schemaName="msnfp_grantrequest32" behavior="0" />
      <RootComponent type="61" schemaName="msnfp_grantrequestsvg" behavior="0" />
      <RootComponent type="61" schemaName="msnfp_NonProfit" behavior="0" />
      <RootComponent type="61" schemaName="msnfp_NonProfitAppLogo" behavior="0" />
      <RootComponent type="61" schemaName="msnfp_objectives16" behavior="0" />
      <RootComponent type="61" schemaName="msnfp_objectives32" behavior="0" />
      <RootComponent type="61" schemaName="msnfp_objectivessvg" behavior="0" />
      <RootComponent type="61" schemaName="msnfp_paymentmethods16" behavior="0" />
      <RootComponent type="61" schemaName="msnfp_paymentmethods32" behavior="0" />
      <RootComponent type="61" schemaName="msnfp_paymentmethodssvg" behavior="0" />
      <RootComponent type="61" schemaName="msnfp_plannedgiving16" behavior="0" />
      <RootComponent type="61" schemaName="msnfp_plannedgiving32" behavior="0" />
      <RootComponent type="61" schemaName="msnfp_plannedgivingsvg" behavior="0" />
      <RootComponent type="61" schemaName="msnfp_program32" behavior="0" />
      <RootComponent type="61" schemaName="msnfp_programs16" behavior="0" />
      <RootComponent type="61" schemaName="msnfp_programssvg" behavior="0" />
      <RootComponent type="61" schemaName="msnfp_report16" behavior="0" />
      <RootComponent type="61" schemaName="msnfp_report32" behavior="0" />
      <RootComponent type="61" schemaName="msnfp_reportsvg" behavior="0" />
      <RootComponent type="61" schemaName="msnfp_review16" behavior="0" />
      <RootComponent type="61" schemaName="msnfp_review32" behavior="0" />
      <RootComponent type="61" schemaName="msnfp_reviewsvg" behavior="0" />
      <RootComponent type="61" schemaName="msnfp_transactions16" behavior="0" />
      <RootComponent type="61" schemaName="msnfp_transactions32" behavior="0" />
      <RootComponent type="61" schemaName="msnfp_transactionssvg" behavior="0" />
      <RootComponent type="62" schemaName="msnfp_NonprofitAccelerator" behavior="0" />
      <RootComponent type="62" behavior="0" />
      <RootComponent type="80" schemaName="msnfp_NonprofitAccelerator" behavior="0" />
    </RootComponents>
    <MissingDependencies>
      <MissingDependency>
        <Required key="0" type="1" schemaName="opportunitysalesprocess" displayName="Opportunity Sales Process" solution="msdynce_Sales (9.0.4.0076)" />
        <Dependent key="1" type="62" />
      </MissingDependency>
      <MissingDependency>
        <Required key="2" type="1" schemaName="list" displayName="Marketing List" solution="msdynce_Marketing (9.0.4.37)" />
        <Dependent key="3" type="60" displayName="Campaign" parentDisplayName="Campaign" id="{6356ff2a-bbbe-49fb-9da2-160b08865688}" />
      </MissingDependency>
      <MissingDependency>
        <Required key="2" type="1" schemaName="list" displayName="Marketing List" solution="msdynce_Marketing (9.0.4.37)" />
        <Dependent key="4" type="60" displayName="Campaign Nonprofit" parentDisplayName="Campaign" id="{d43ccd47-d43e-4739-b9dc-6d6c6738b7c9}" />
      </MissingDependency>
      <MissingDependency>
        <Required key="2" type="1" schemaName="list" displayName="Marketing List" solution="msdynce_Marketing (9.0.4.37)" />
        <Dependent key="1" type="62" />
      </MissingDependency>
      <MissingDependency>
        <Required key="5" type="1" schemaName="campaignactivity" displayName="Campaign Activity" solution="msdynce_Marketing (9.0.4.37)" />
        <Dependent key="3" type="60" displayName="Campaign" parentDisplayName="Campaign" id="{6356ff2a-bbbe-49fb-9da2-160b08865688}" />
      </MissingDependency>
      <MissingDependency>
        <Required key="5" type="1" schemaName="campaignactivity" displayName="Campaign Activity" solution="msdynce_Marketing (9.0.4.37)" />
        <Dependent key="4" type="60" displayName="Campaign Nonprofit" parentDisplayName="Campaign" id="{d43ccd47-d43e-4739-b9dc-6d6c6738b7c9}" />
      </MissingDependency>
      <MissingDependency>
        <Required key="6" type="1" schemaName="service" displayName="Service" solution="msdynce_Service (9.0.5.56)" />
        <Dependent key="1" type="62" />
      </MissingDependency>
      <MissingDependency>
        <Required key="7" type="1" schemaName="invoice" displayName="Invoice" solution="msdynce_Sales (9.0.4.0076)" />
        <Dependent key="1" type="62" />
      </MissingDependency>
      <MissingDependency>
        <Required key="8" type="1" schemaName="opportunity" displayName="Opportunity" solution="msdynce_Sales (9.0.4.0076)" />
        <Dependent key="8" type="1" schemaName="opportunity" displayName="Opportunity" />
      </MissingDependency>
      <MissingDependency>
        <Required key="9" type="1" schemaName="campaign" displayName="Campaign" solution="msdynce_Marketing (9.0.4.37)" />
        <Dependent key="9" type="1" schemaName="campaign" displayName="Campaign" />
      </MissingDependency>
      <MissingDependency>
        <Required key="10" type="1" schemaName="lead" displayName="Lead" solution="msdynce_LeadManagement (9.0.4.0066)" />
        <Dependent key="10" type="1" schemaName="lead" displayName="Lead" />
      </MissingDependency>
      <MissingDependency>
        <Required key="11" type="1" schemaName="quote" displayName="Quote" solution="msdynce_Sales (9.0.4.0076)" />
        <Dependent key="1" type="62" />
      </MissingDependency>
      <MissingDependency>
        <Required key="11" type="1" schemaName="quote" displayName="Quote" solution="msdynce_Sales (9.0.4.0076)" />
        <Dependent key="12" type="60" displayName="Opportunity Nonprofit" parentDisplayName="Opportunity" id="{ea98882b-cf11-4bae-ad12-3fc3697114c5}" />
      </MissingDependency>
      <MissingDependency>
        <Required key="13" type="1" schemaName="incident" displayName="Case" solution="msdynce_Service (9.0.5.56)" />
        <Dependent key="1" type="62" />
      </MissingDependency>
      <MissingDependency>
        <Required key="14" type="1" schemaName="product" displayName="Product" solution="msdynce_ProductManagement (9.0.4.0066)" />
        <Dependent key="1" type="62" />
      </MissingDependency>
      <MissingDependency>
        <Required key="15" type="1" schemaName="contract" displayName="Contract" solution="msdynce_Service (9.0.5.56)" />
        <Dependent key="1" type="62" />
      </MissingDependency>
      <MissingDependency>
        <Required key="16" type="1" schemaName="leadtoopportunitysalesprocess" displayName="Lead To Opportunity Sales Process" solution="msdynce_Sales (9.0.4.0076)" />
        <Dependent key="1" type="62" />
      </MissingDependency>
      <MissingDependency>
        <Required key="17" type="1" schemaName="opportunityproduct" displayName="Opportunity Product" solution="msdynce_Sales (9.0.4.0076)" />
        <Dependent key="12" type="60" displayName="Opportunity Nonprofit" parentDisplayName="Opportunity" id="{ea98882b-cf11-4bae-ad12-3fc3697114c5}" />
      </MissingDependency>
      <MissingDependency>
        <Required key="18" type="1" schemaName="msdyn_postruleconfig" displayName="Post Rule Configuration" solution="ActivityFeedsCore (9.0.0.0)" />
        <Dependent key="1" type="62" />
      </MissingDependency>
      <MissingDependency>
        <Required key="19" type="1" schemaName="salesliterature" displayName="Sales Literature" solution="msdynce_Sales (9.0.4.0076)" />
        <Dependent key="1" type="62" />
      </MissingDependency>
      <MissingDependency>
        <Required key="20" type="1" schemaName="bulkoperation" displayName="Quick Campaign" solution="msdynce_Marketing (9.0.4.37)" />
        <Dependent key="1" type="62" />
      </MissingDependency>
      <MissingDependency>
        <Required key="21" type="1" schemaName="msdyn_postconfig" displayName="Post Configuration" solution="ActivityFeedsCore (9.0.0.0)" />
        <Dependent key="1" type="62" />
      </MissingDependency>
      <MissingDependency>
        <Required key="22" type="1" schemaName="salesorder" displayName="Order" solution="msdynce_Sales (9.0.4.0076)" />
        <Dependent key="1" type="62" />
      </MissingDependency>
      <MissingDependency>
        <Required key="23" type="1" schemaName="campaignresponse" displayName="Campaign Response" solution="msdynce_Marketing (9.0.4.37)" />
        <Dependent key="3" type="60" displayName="Campaign" parentDisplayName="Campaign" id="{6356ff2a-bbbe-49fb-9da2-160b08865688}" />
      </MissingDependency>
      <MissingDependency>
        <Required key="24" type="1" schemaName="competitor" displayName="Competitor" solution="msdynce_Sales (9.0.4.0076)" />
        <Dependent key="25" type="60" displayName="Lead Nonprofit" parentDisplayName="Lead" id="{978fd9f0-a8ab-4e7e-8fdf-38e4099593d4}" />
      </MissingDependency>
      <MissingDependency>
        <Required key="24" type="1" schemaName="competitor" displayName="Competitor" solution="msdynce_Sales (9.0.4.0076)" />
        <Dependent key="1" type="62" />
      </MissingDependency>
      <MissingDependency>
        <Required key="24" type="1" schemaName="competitor" displayName="Competitor" solution="msdynce_Sales (9.0.4.0076)" />
        <Dependent key="12" type="60" displayName="Opportunity Nonprofit" parentDisplayName="Opportunity" id="{ea98882b-cf11-4bae-ad12-3fc3697114c5}" />
      </MissingDependency>
      <MissingDependency>
        <Required key="26" type="1" schemaName="phonetocaseprocess" displayName="Phone To Case Process" solution="msdynce_Service (9.0.5.56)" />
        <Dependent key="1" type="62" />
      </MissingDependency>
      <MissingDependency>
        <Required key="27" type="2" schemaName="customerneed" displayName="Customer Need" parentSchemaName="opportunity" parentDisplayName="Opportunity" solution="msdynce_Sales (9.0.4.0076)" />
        <Dependent key="12" type="60" displayName="Opportunity Nonprofit" parentDisplayName="Opportunity" id="{ea98882b-cf11-4bae-ad12-3fc3697114c5}" />
      </MissingDependency>
      <MissingDependency>
        <Required key="28" type="2" schemaName="description" displayName="Description" parentSchemaName="campaign" parentDisplayName="Campaign" solution="msdynce_Marketing (9.0.4.37)" />
        <Dependent key="3" type="60" displayName="Campaign" parentDisplayName="Campaign" id="{6356ff2a-bbbe-49fb-9da2-160b08865688}" />
      </MissingDependency>
      <MissingDependency>
        <Required key="29" type="2" schemaName="transactioncurrencyid" displayName="Currency" parentSchemaName="campaign" parentDisplayName="Campaign" solution="msdynce_Marketing (9.0.4.37)" />
        <Dependent key="3" type="60" displayName="Campaign" parentDisplayName="Campaign" id="{6356ff2a-bbbe-49fb-9da2-160b08865688}" />
      </MissingDependency>
      <MissingDependency>
        <Required key="29" type="2" schemaName="transactioncurrencyid" displayName="Currency" parentSchemaName="campaign" parentDisplayName="Campaign" solution="msdynce_Marketing (9.0.4.37)" />
        <Dependent key="4" type="60" displayName="Campaign Nonprofit" parentDisplayName="Campaign" id="{d43ccd47-d43e-4739-b9dc-6d6c6738b7c9}" />
      </MissingDependency>
      <MissingDependency>
        <Required key="30" type="2" schemaName="sic" displayName="SIC Code" parentSchemaName="lead" parentDisplayName="Lead" solution="msdynce_LeadManagement (9.0.4.0066)" />
        <Dependent key="25" type="60" displayName="Lead Nonprofit" parentDisplayName="Lead" id="{978fd9f0-a8ab-4e7e-8fdf-38e4099593d4}" />
      </MissingDependency>
      <MissingDependency>
        <Required key="31" type="2" schemaName="numberofemployees" displayName="No. of Employees" parentSchemaName="lead" parentDisplayName="Lead" solution="msdynce_LeadManagement (9.0.4.0066)" />
        <Dependent key="25" type="60" displayName="Lead Nonprofit" parentDisplayName="Lead" id="{978fd9f0-a8ab-4e7e-8fdf-38e4099593d4}" />
      </MissingDependency>
      <MissingDependency>
        <Required key="32" type="2" schemaName="telephone1" displayName="Business Phone" parentSchemaName="lead" parentDisplayName="Lead" solution="msdynce_LeadManagement (9.0.4.0066)" />
        <Dependent key="25" type="60" displayName="Lead Nonprofit" parentDisplayName="Lead" id="{978fd9f0-a8ab-4e7e-8fdf-38e4099593d4}" />
      </MissingDependency>
      <MissingDependency>
        <Required key="33" type="2" schemaName="modifiedby" displayName="Modified By" parentSchemaName="campaign" parentDisplayName="Campaign" solution="msdynce_Marketing (9.0.4.37)" />
        <Dependent key="3" type="60" displayName="Campaign" parentDisplayName="Campaign" id="{6356ff2a-bbbe-49fb-9da2-160b08865688}" />
      </MissingDependency>
      <MissingDependency>
        <Required key="34" type="2" schemaName="objective" displayName="Offer" parentSchemaName="campaign" parentDisplayName="Campaign" solution="msdynce_Marketing (9.0.4.37)" />
        <Dependent key="4" type="60" displayName="Campaign Nonprofit" parentDisplayName="Campaign" id="{d43ccd47-d43e-4739-b9dc-6d6c6738b7c9}" />
      </MissingDependency>
      <MissingDependency>
        <Required key="34" type="2" schemaName="objective" displayName="Offer" parentSchemaName="campaign" parentDisplayName="Campaign" solution="msdynce_Marketing (9.0.4.37)" />
        <Dependent key="3" type="60" displayName="Campaign" parentDisplayName="Campaign" id="{6356ff2a-bbbe-49fb-9da2-160b08865688}" />
      </MissingDependency>
      <MissingDependency>
        <Required key="35" type="2" schemaName="totalactualcost" displayName="Total Cost of Campaign" parentSchemaName="campaign" parentDisplayName="Campaign" solution="msdynce_Marketing (9.0.4.37)" />
        <Dependent key="3" type="60" displayName="Campaign" parentDisplayName="Campaign" id="{6356ff2a-bbbe-49fb-9da2-160b08865688}" />
      </MissingDependency>
      <MissingDependency>
        <Required key="36" type="2" schemaName="proposedstart" displayName="Proposed Start Date" parentSchemaName="campaign" parentDisplayName="Campaign" solution="msdynce_Marketing (9.0.4.37)" />
        <Dependent key="3" type="60" displayName="Campaign" parentDisplayName="Campaign" id="{6356ff2a-bbbe-49fb-9da2-160b08865688}" />
      </MissingDependency>
      <MissingDependency>
        <Required key="36" type="2" schemaName="proposedstart" displayName="Proposed Start Date" parentSchemaName="campaign" parentDisplayName="Campaign" solution="msdynce_Marketing (9.0.4.37)" />
        <Dependent key="4" type="60" displayName="Campaign Nonprofit" parentDisplayName="Campaign" id="{d43ccd47-d43e-4739-b9dc-6d6c6738b7c9}" />
      </MissingDependency>
      <MissingDependency>
        <Required key="37" type="2" schemaName="leadid" displayName="Lead" parentSchemaName="lead" parentDisplayName="Lead" solution="msdynce_LeadManagement (9.0.4.0066)" />
        <Dependent key="38" type="10" schemaName="msnfp_lead_request_LeadId" displayName="msnfp_lead_request_LeadId" parentSchemaName="msnfp_request" parentDisplayName="Request" />
      </MissingDependency>
      <MissingDependency>
        <Required key="37" type="2" schemaName="leadid" displayName="Lead" parentSchemaName="lead" parentDisplayName="Lead" solution="msdynce_LeadManagement (9.0.4.0066)" />
        <Dependent key="39" type="10" schemaName="msnfp_recommendation_lead" displayName="msnfp_recommendation_lead" parentSchemaName="msnfp_recommendation" parentDisplayName="Recommendation" />
      </MissingDependency>
      <MissingDependency>
        <Required key="37" type="2" schemaName="leadid" displayName="Lead" parentSchemaName="lead" parentDisplayName="Lead" solution="msdynce_LeadManagement (9.0.4.0066)" />
        <Dependent key="40" type="10" schemaName="msnfp_review_lead" displayName="msnfp_review_lead" parentSchemaName="msnfp_review" parentDisplayName="Review" />
      </MissingDependency>
      <MissingDependency>
        <Required key="37" type="2" schemaName="leadid" displayName="Lead" parentSchemaName="lead" parentDisplayName="Lead" solution="msdynce_LeadManagement (9.0.4.0066)" />
        <Dependent key="41" type="10" schemaName="msnfp_ofacMatch_inquiry" displayName="msnfp_ofacMatch_inquiry" parentSchemaName="msnfp_ofacmatch" parentDisplayName="OFAC Match" />
      </MissingDependency>
      <MissingDependency>
        <Required key="37" type="2" schemaName="leadid" displayName="Lead" parentSchemaName="lead" parentDisplayName="Lead" solution="msdynce_LeadManagement (9.0.4.0066)" />
        <Dependent key="42" type="10" schemaName="msnfp_report_lead" displayName="msnfp_report_lead" parentSchemaName="msnfp_report" parentDisplayName="Report" />
      </MissingDependency>
      <MissingDependency>
        <Required key="43" type="2" schemaName="ownerid" displayName="Owner" parentSchemaName="campaign" parentDisplayName="Campaign" solution="msdynce_Marketing (9.0.4.37)" />
        <Dependent key="4" type="60" displayName="Campaign Nonprofit" parentDisplayName="Campaign" id="{d43ccd47-d43e-4739-b9dc-6d6c6738b7c9}" />
      </MissingDependency>
      <MissingDependency>
        <Required key="43" type="2" schemaName="ownerid" displayName="Owner" parentSchemaName="campaign" parentDisplayName="Campaign" solution="msdynce_Marketing (9.0.4.37)" />
        <Dependent key="3" type="60" displayName="Campaign" parentDisplayName="Campaign" id="{6356ff2a-bbbe-49fb-9da2-160b08865688}" />
      </MissingDependency>
      <MissingDependency>
        <Required key="44" type="2" schemaName="websiteurl" displayName="Website" parentSchemaName="lead" parentDisplayName="Lead" solution="msdynce_LeadManagement (9.0.4.0066)" />
        <Dependent key="25" type="60" displayName="Lead Nonprofit" parentDisplayName="Lead" id="{978fd9f0-a8ab-4e7e-8fdf-38e4099593d4}" />
      </MissingDependency>
      <MissingDependency>
        <Required key="45" type="2" schemaName="createdon" displayName="Created On" parentSchemaName="campaign" parentDisplayName="Campaign" solution="msdynce_Marketing (9.0.4.37)" />
        <Dependent key="3" type="60" displayName="Campaign" parentDisplayName="Campaign" id="{6356ff2a-bbbe-49fb-9da2-160b08865688}" />
      </MissingDependency>
      <MissingDependency>
        <Required key="46" type="2" schemaName="parentaccountid" displayName="Account" parentSchemaName="opportunity" parentDisplayName="Opportunity" solution="msdynce_Sales (9.0.4.0076)" />
        <Dependent key="12" type="60" displayName="Opportunity Nonprofit" parentDisplayName="Opportunity" id="{ea98882b-cf11-4bae-ad12-3fc3697114c5}" />
      </MissingDependency>
      <MissingDependency>
        <Required key="47" type="2" schemaName="totalamountlessfreight" displayName="Total Pre-Freight Amount" parentSchemaName="opportunity" parentDisplayName="Opportunity" solution="msdynce_Sales (9.0.4.0076)" />
        <Dependent key="12" type="60" displayName="Opportunity Nonprofit" parentDisplayName="Opportunity" id="{ea98882b-cf11-4bae-ad12-3fc3697114c5}" />
      </MissingDependency>
      <MissingDependency>
        <Required key="48" type="2" schemaName="proposedend" displayName="Proposed End Date" parentSchemaName="campaign" parentDisplayName="Campaign" solution="msdynce_Marketing (9.0.4.37)" />
        <Dependent key="3" type="60" displayName="Campaign" parentDisplayName="Campaign" id="{6356ff2a-bbbe-49fb-9da2-160b08865688}" />
      </MissingDependency>
      <MissingDependency>
        <Required key="48" type="2" schemaName="proposedend" displayName="Proposed End Date" parentSchemaName="campaign" parentDisplayName="Campaign" solution="msdynce_Marketing (9.0.4.37)" />
        <Dependent key="4" type="60" displayName="Campaign Nonprofit" parentDisplayName="Campaign" id="{d43ccd47-d43e-4739-b9dc-6d6c6738b7c9}" />
      </MissingDependency>
      <MissingDependency>
        <Required key="49" type="2" schemaName="budgetamount" displayName="Budget Amount" parentSchemaName="opportunity" parentDisplayName="Opportunity" solution="msdynce_Sales (9.0.4.0076)" />
        <Dependent key="12" type="60" displayName="Opportunity Nonprofit" parentDisplayName="Opportunity" id="{ea98882b-cf11-4bae-ad12-3fc3697114c5}" />
      </MissingDependency>
      <MissingDependency>
        <Required key="50" type="2" schemaName="donotemail" displayName="Do not allow Emails" parentSchemaName="lead" parentDisplayName="Lead" solution="msdynce_LeadManagement (9.0.4.0066)" />
        <Dependent key="25" type="60" displayName="Lead Nonprofit" parentDisplayName="Lead" id="{978fd9f0-a8ab-4e7e-8fdf-38e4099593d4}" />
      </MissingDependency>
      <MissingDependency>
        <Required key="51" type="2" schemaName="subject" displayName="Topic" parentSchemaName="lead" parentDisplayName="Lead" solution="msdynce_LeadManagement (9.0.4.0066)" />
        <Dependent key="25" type="60" displayName="Lead Nonprofit" parentDisplayName="Lead" id="{978fd9f0-a8ab-4e7e-8fdf-38e4099593d4}" />
      </MissingDependency>
      <MissingDependency>
        <Required key="52" type="2" schemaName="jobtitle" displayName="Job Title" parentSchemaName="lead" parentDisplayName="Lead" solution="msdynce_LeadManagement (9.0.4.0066)" />
        <Dependent key="25" type="60" displayName="Lead Nonprofit" parentDisplayName="Lead" id="{978fd9f0-a8ab-4e7e-8fdf-38e4099593d4}" />
      </MissingDependency>
      <MissingDependency>
        <Required key="53" type="2" schemaName="parentcontactid" displayName="Contact" parentSchemaName="opportunity" parentDisplayName="Opportunity" solution="msdynce_Sales (9.0.4.0076)" />
        <Dependent key="12" type="60" displayName="Opportunity Nonprofit" parentDisplayName="Opportunity" id="{ea98882b-cf11-4bae-ad12-3fc3697114c5}" />
      </MissingDependency>
      <MissingDependency>
        <Required key="54" type="2" schemaName="donotphone" displayName="Do not allow Phone Calls" parentSchemaName="lead" parentDisplayName="Lead" solution="msdynce_LeadManagement (9.0.4.0066)" />
        <Dependent key="25" type="60" displayName="Lead Nonprofit" parentDisplayName="Lead" id="{978fd9f0-a8ab-4e7e-8fdf-38e4099593d4}" />
      </MissingDependency>
      <MissingDependency>
        <Required key="55" type="2" schemaName="ownerid" displayName="Owner" parentSchemaName="opportunity" parentDisplayName="Opportunity" solution="msdynce_Sales (9.0.4.0076)" />
        <Dependent key="12" type="60" displayName="Opportunity Nonprofit" parentDisplayName="Opportunity" id="{ea98882b-cf11-4bae-ad12-3fc3697114c5}" />
      </MissingDependency>
      <MissingDependency>
        <Required key="56" type="2" schemaName="lastusedincampaign" displayName="Last Campaign Date" parentSchemaName="lead" parentDisplayName="Lead" solution="msdynce_LeadManagement (9.0.4.0066)" />
        <Dependent key="25" type="60" displayName="Lead Nonprofit" parentDisplayName="Lead" id="{978fd9f0-a8ab-4e7e-8fdf-38e4099593d4}" />
      </MissingDependency>
      <MissingDependency>
        <Required key="57" type="2" schemaName="expectedresponse" displayName="Expected Response Percentage" parentSchemaName="campaign" parentDisplayName="Campaign" solution="msdynce_Marketing (9.0.4.37)" />
        <Dependent key="4" type="60" displayName="Campaign Nonprofit" parentDisplayName="Campaign" id="{d43ccd47-d43e-4739-b9dc-6d6c6738b7c9}" />
      </MissingDependency>
      <MissingDependency>
        <Required key="57" type="2" schemaName="expectedresponse" displayName="Expected Response Percentage" parentSchemaName="campaign" parentDisplayName="Campaign" solution="msdynce_Marketing (9.0.4.37)" />
        <Dependent key="3" type="60" displayName="Campaign" parentDisplayName="Campaign" id="{6356ff2a-bbbe-49fb-9da2-160b08865688}" />
      </MissingDependency>
      <MissingDependency>
        <Required key="58" type="2" schemaName="leadqualitycode" displayName="Rating" parentSchemaName="lead" parentDisplayName="Lead" solution="msdynce_LeadManagement (9.0.4.0066)" />
        <Dependent key="25" type="60" displayName="Lead Nonprofit" parentDisplayName="Lead" id="{978fd9f0-a8ab-4e7e-8fdf-38e4099593d4}" />
      </MissingDependency>
      <MissingDependency>
        <Required key="59" type="2" schemaName="statuscode" displayName="Status Reason" parentSchemaName="campaign" parentDisplayName="Campaign" solution="msdynce_Marketing (9.0.4.37)" />
        <Dependent key="4" type="60" displayName="Campaign Nonprofit" parentDisplayName="Campaign" id="{d43ccd47-d43e-4739-b9dc-6d6c6738b7c9}" />
      </MissingDependency>
      <MissingDependency>
        <Required key="59" type="2" schemaName="statuscode" displayName="Status Reason" parentSchemaName="campaign" parentDisplayName="Campaign" solution="msdynce_Marketing (9.0.4.37)" />
        <Dependent key="3" type="60" displayName="Campaign" parentDisplayName="Campaign" id="{6356ff2a-bbbe-49fb-9da2-160b08865688}" />
      </MissingDependency>
      <MissingDependency>
        <Required key="60" type="2" schemaName="budgetedcost" displayName="Budget Allocated" parentSchemaName="campaign" parentDisplayName="Campaign" solution="msdynce_Marketing (9.0.4.37)" />
        <Dependent key="3" type="60" displayName="Campaign" parentDisplayName="Campaign" id="{6356ff2a-bbbe-49fb-9da2-160b08865688}" />
      </MissingDependency>
      <MissingDependency>
        <Required key="61" type="2" schemaName="actualend" displayName="Actual End Date" parentSchemaName="campaign" parentDisplayName="Campaign" solution="msdynce_Marketing (9.0.4.37)" />
        <Dependent key="4" type="60" displayName="Campaign Nonprofit" parentDisplayName="Campaign" id="{d43ccd47-d43e-4739-b9dc-6d6c6738b7c9}" />
      </MissingDependency>
      <MissingDependency>
        <Required key="61" type="2" schemaName="actualend" displayName="Actual End Date" parentSchemaName="campaign" parentDisplayName="Campaign" solution="msdynce_Marketing (9.0.4.37)" />
        <Dependent key="3" type="60" displayName="Campaign" parentDisplayName="Campaign" id="{6356ff2a-bbbe-49fb-9da2-160b08865688}" />
      </MissingDependency>
      <MissingDependency>
        <Required key="62" type="2" schemaName="discountpercentage" displayName="Opportunity Discount (%)" parentSchemaName="opportunity" parentDisplayName="Opportunity" solution="msdynce_Sales (9.0.4.0076)" />
        <Dependent key="12" type="60" displayName="Opportunity Nonprofit" parentDisplayName="Opportunity" id="{ea98882b-cf11-4bae-ad12-3fc3697114c5}" />
      </MissingDependency>
      <MissingDependency>
        <Required key="63" type="2" schemaName="ownerid" displayName="Owner" parentSchemaName="lead" parentDisplayName="Lead" solution="msdynce_LeadManagement (9.0.4.0066)" />
        <Dependent key="25" type="60" displayName="Lead Nonprofit" parentDisplayName="Lead" id="{978fd9f0-a8ab-4e7e-8fdf-38e4099593d4}" />
      </MissingDependency>
      <MissingDependency>
        <Required key="64" type="2" schemaName="yomifullname" displayName="Yomi Full Name" parentSchemaName="lead" parentDisplayName="Lead" solution="msdynce_LeadManagement (9.0.4.0066)" />
        <Dependent key="39" type="10" schemaName="msnfp_recommendation_lead" displayName="msnfp_recommendation_lead" parentSchemaName="msnfp_recommendation" parentDisplayName="Recommendation" />
      </MissingDependency>
      <MissingDependency>
        <Required key="64" type="2" schemaName="yomifullname" displayName="Yomi Full Name" parentSchemaName="lead" parentDisplayName="Lead" solution="msdynce_LeadManagement (9.0.4.0066)" />
        <Dependent key="42" type="10" schemaName="msnfp_report_lead" displayName="msnfp_report_lead" parentSchemaName="msnfp_report" parentDisplayName="Report" />
      </MissingDependency>
      <MissingDependency>
        <Required key="64" type="2" schemaName="yomifullname" displayName="Yomi Full Name" parentSchemaName="lead" parentDisplayName="Lead" solution="msdynce_LeadManagement (9.0.4.0066)" />
        <Dependent key="38" type="10" schemaName="msnfp_lead_request_LeadId" displayName="msnfp_lead_request_LeadId" parentSchemaName="msnfp_request" parentDisplayName="Request" />
      </MissingDependency>
      <MissingDependency>
        <Required key="64" type="2" schemaName="yomifullname" displayName="Yomi Full Name" parentSchemaName="lead" parentDisplayName="Lead" solution="msdynce_LeadManagement (9.0.4.0066)" />
        <Dependent key="41" type="10" schemaName="msnfp_ofacMatch_inquiry" displayName="msnfp_ofacMatch_inquiry" parentSchemaName="msnfp_ofacmatch" parentDisplayName="OFAC Match" />
      </MissingDependency>
      <MissingDependency>
        <Required key="64" type="2" schemaName="yomifullname" displayName="Yomi Full Name" parentSchemaName="lead" parentDisplayName="Lead" solution="msdynce_LeadManagement (9.0.4.0066)" />
        <Dependent key="40" type="10" schemaName="msnfp_review_lead" displayName="msnfp_review_lead" parentSchemaName="msnfp_review" parentDisplayName="Review" />
      </MissingDependency>
      <MissingDependency>
        <Required key="65" type="2" schemaName="mobilephone" displayName="Mobile Phone" parentSchemaName="lead" parentDisplayName="Lead" solution="msdynce_LeadManagement (9.0.4.0066)" />
        <Dependent key="25" type="60" displayName="Lead Nonprofit" parentDisplayName="Lead" id="{978fd9f0-a8ab-4e7e-8fdf-38e4099593d4}" />
      </MissingDependency>
      <MissingDependency>
        <Required key="66" type="2" schemaName="companyname" displayName="Company Name" parentSchemaName="lead" parentDisplayName="Lead" solution="msdynce_LeadManagement (9.0.4.0066)" />
        <Dependent key="25" type="60" displayName="Lead Nonprofit" parentDisplayName="Lead" id="{978fd9f0-a8ab-4e7e-8fdf-38e4099593d4}" />
      </MissingDependency>
      <MissingDependency>
        <Required key="67" type="2" schemaName="campaignid" displayName="Campaign" parentSchemaName="campaign" parentDisplayName="Campaign" solution="msdynce_Marketing (9.0.4.37)" />
        <Dependent key="68" type="10" schemaName="msnfp_txn_originatingCampaign" displayName="msnfp_txn_originatingCampaign" parentSchemaName="msnfp_transaction" parentDisplayName="Transaction" />
      </MissingDependency>
      <MissingDependency>
        <Required key="67" type="2" schemaName="campaignid" displayName="Campaign" parentSchemaName="campaign" parentDisplayName="Campaign" solution="msdynce_Marketing (9.0.4.37)" />
        <Dependent key="69" type="10" schemaName="msnfp_designationPlan_campaign" displayName="msnfp_designationPlan_campaign" parentSchemaName="msnfp_designationplan" parentDisplayName="Designation Plan" />
      </MissingDependency>
      <MissingDependency>
        <Required key="67" type="2" schemaName="campaignid" displayName="Campaign" parentSchemaName="campaign" parentDisplayName="Campaign" solution="msdynce_Marketing (9.0.4.37)" />
        <Dependent key="70" type="10" schemaName="msnfp_commitment_campaign" displayName="msnfp_commitment_campaign" parentSchemaName="msnfp_donorcommitment" parentDisplayName="Donor Commitment" />
      </MissingDependency>
      <MissingDependency>
        <Required key="67" type="2" schemaName="campaignid" displayName="Campaign" parentSchemaName="campaign" parentDisplayName="Campaign" solution="msdynce_Marketing (9.0.4.37)" />
        <Dependent key="71" type="10" schemaName="msnfp_creditPlan_campaign" displayName="msnfp_creditPlan_campaign" parentSchemaName="msnfp_creditplan" parentDisplayName="Credit Plan" />
      </MissingDependency>
      <MissingDependency>
        <Required key="67" type="2" schemaName="campaignid" displayName="Campaign" parentSchemaName="campaign" parentDisplayName="Campaign" solution="msdynce_Marketing (9.0.4.37)" />
        <Dependent key="72" type="10" schemaName="msnfp_plannedGiving_campaign" displayName="msnfp_plannedGiving_campaign" parentSchemaName="msnfp_plannedgiving" parentDisplayName="Planned Giving" />
      </MissingDependency>
      <MissingDependency>
        <Required key="73" type="2" schemaName="discountamount" displayName="Opportunity Discount Amount" parentSchemaName="opportunity" parentDisplayName="Opportunity" solution="msdynce_Sales (9.0.4.0076)" />
        <Dependent key="12" type="60" displayName="Opportunity Nonprofit" parentDisplayName="Opportunity" id="{ea98882b-cf11-4bae-ad12-3fc3697114c5}" />
      </MissingDependency>
      <MissingDependency>
        <Required key="74" type="2" schemaName="revenue" displayName="Annual Revenue" parentSchemaName="lead" parentDisplayName="Lead" solution="msdynce_LeadManagement (9.0.4.0066)" />
        <Dependent key="25" type="60" displayName="Lead Nonprofit" parentDisplayName="Lead" id="{978fd9f0-a8ab-4e7e-8fdf-38e4099593d4}" />
      </MissingDependency>
      <MissingDependency>
        <Required key="75" type="2" schemaName="name" displayName="Topic" parentSchemaName="opportunity" parentDisplayName="Opportunity" solution="msdynce_Sales (9.0.4.0076)" />
        <Dependent key="76" type="10" schemaName="msnfp_preference_opportunity" displayName="msnfp_preference_opportunity" parentSchemaName="msnfp_preference" parentDisplayName="Preference" />
      </MissingDependency>
      <MissingDependency>
        <Required key="75" type="2" schemaName="name" displayName="Topic" parentSchemaName="opportunity" parentDisplayName="Opportunity" solution="msdynce_Sales (9.0.4.0076)" />
        <Dependent key="77" type="10" schemaName="msnfp_designationPlan_opportunity" displayName="msnfp_designationPlan_opportunity" parentSchemaName="msnfp_designationplan" parentDisplayName="Designation Plan" />
      </MissingDependency>
      <MissingDependency>
        <Required key="75" type="2" schemaName="name" displayName="Topic" parentSchemaName="opportunity" parentDisplayName="Opportunity" solution="msdynce_Sales (9.0.4.0076)" />
        <Dependent key="12" type="60" displayName="Opportunity Nonprofit" parentDisplayName="Opportunity" id="{ea98882b-cf11-4bae-ad12-3fc3697114c5}" />
      </MissingDependency>
      <MissingDependency>
        <Required key="78" type="2" schemaName="donotpostalmail" displayName="Do not allow Mails" parentSchemaName="lead" parentDisplayName="Lead" solution="msdynce_LeadManagement (9.0.4.0066)" />
        <Dependent key="25" type="60" displayName="Lead Nonprofit" parentDisplayName="Lead" id="{978fd9f0-a8ab-4e7e-8fdf-38e4099593d4}" />
      </MissingDependency>
      <MissingDependency>
        <Required key="79" type="2" schemaName="emailaddress1" displayName="Email" parentSchemaName="lead" parentDisplayName="Lead" solution="msdynce_LeadManagement (9.0.4.0066)" />
        <Dependent key="25" type="60" displayName="Lead Nonprofit" parentDisplayName="Lead" id="{978fd9f0-a8ab-4e7e-8fdf-38e4099593d4}" />
      </MissingDependency>
      <MissingDependency>
        <Required key="80" type="2" schemaName="leadsourcecode" displayName="Lead Source" parentSchemaName="lead" parentDisplayName="Lead" solution="msdynce_LeadManagement (9.0.4.0066)" />
        <Dependent key="25" type="60" displayName="Lead Nonprofit" parentDisplayName="Lead" id="{978fd9f0-a8ab-4e7e-8fdf-38e4099593d4}" />
      </MissingDependency>
      <MissingDependency>
        <Required key="81" type="2" schemaName="actualstart" displayName="Actual Start Date" parentSchemaName="campaign" parentDisplayName="Campaign" solution="msdynce_Marketing (9.0.4.37)" />
        <Dependent key="3" type="60" displayName="Campaign" parentDisplayName="Campaign" id="{6356ff2a-bbbe-49fb-9da2-160b08865688}" />
      </MissingDependency>
      <MissingDependency>
        <Required key="81" type="2" schemaName="actualstart" displayName="Actual Start Date" parentSchemaName="campaign" parentDisplayName="Campaign" solution="msdynce_Marketing (9.0.4.37)" />
        <Dependent key="4" type="60" displayName="Campaign Nonprofit" parentDisplayName="Campaign" id="{d43ccd47-d43e-4739-b9dc-6d6c6738b7c9}" />
      </MissingDependency>
      <MissingDependency>
        <Required key="82" type="2" schemaName="pricelevelid" displayName="Price List" parentSchemaName="opportunity" parentDisplayName="Opportunity" solution="msdynce_Sales (9.0.4.0076)" />
        <Dependent key="12" type="60" displayName="Opportunity Nonprofit" parentDisplayName="Opportunity" id="{ea98882b-cf11-4bae-ad12-3fc3697114c5}" />
      </MissingDependency>
      <MissingDependency>
        <Required key="83" type="2" schemaName="typecode" displayName="Type" parentSchemaName="campaign" parentDisplayName="Campaign" solution="msdynce_Marketing (9.0.4.37)" />
        <Dependent key="3" type="60" displayName="Campaign" parentDisplayName="Campaign" id="{6356ff2a-bbbe-49fb-9da2-160b08865688}" />
      </MissingDependency>
      <MissingDependency>
        <Required key="83" type="2" schemaName="typecode" displayName="Type" parentSchemaName="campaign" parentDisplayName="Campaign" solution="msdynce_Marketing (9.0.4.37)" />
        <Dependent key="4" type="60" displayName="Campaign Nonprofit" parentDisplayName="Campaign" id="{d43ccd47-d43e-4739-b9dc-6d6c6738b7c9}" />
      </MissingDependency>
      <MissingDependency>
        <Required key="84" type="2" schemaName="statuscode" displayName="Status Reason" parentSchemaName="lead" parentDisplayName="Lead" solution="msdynce_LeadManagement (9.0.4.0066)" />
        <Dependent key="25" type="60" displayName="Lead Nonprofit" parentDisplayName="Lead" id="{978fd9f0-a8ab-4e7e-8fdf-38e4099593d4}" />
      </MissingDependency>
      <MissingDependency>
        <Required key="85" type="2" schemaName="transactioncurrencyid" displayName="Currency" parentSchemaName="opportunity" parentDisplayName="Opportunity" solution="msdynce_Sales (9.0.4.0076)" />
        <Dependent key="12" type="60" displayName="Opportunity Nonprofit" parentDisplayName="Opportunity" id="{ea98882b-cf11-4bae-ad12-3fc3697114c5}" />
      </MissingDependency>
      <MissingDependency>
        <Required key="86" type="2" schemaName="description" displayName="Description" parentSchemaName="lead" parentDisplayName="Lead" solution="msdynce_LeadManagement (9.0.4.0066)" />
        <Dependent key="25" type="60" displayName="Lead Nonprofit" parentDisplayName="Lead" id="{978fd9f0-a8ab-4e7e-8fdf-38e4099593d4}" />
      </MissingDependency>
      <MissingDependency>
        <Required key="87" type="2" schemaName="othercost" displayName="Miscellaneous Costs" parentSchemaName="campaign" parentDisplayName="Campaign" solution="msdynce_Marketing (9.0.4.37)" />
        <Dependent key="3" type="60" displayName="Campaign" parentDisplayName="Campaign" id="{6356ff2a-bbbe-49fb-9da2-160b08865688}" />
      </MissingDependency>
      <MissingDependency>
        <Required key="88" type="2" schemaName="description" displayName="Description" parentSchemaName="opportunity" parentDisplayName="Opportunity" solution="msdynce_Sales (9.0.4.0076)" />
        <Dependent key="12" type="60" displayName="Opportunity Nonprofit" parentDisplayName="Opportunity" id="{ea98882b-cf11-4bae-ad12-3fc3697114c5}" />
      </MissingDependency>
      <MissingDependency>
        <Required key="89" type="2" schemaName="modifiedon" displayName="Modified On" parentSchemaName="campaign" parentDisplayName="Campaign" solution="msdynce_Marketing (9.0.4.37)" />
        <Dependent key="3" type="60" displayName="Campaign" parentDisplayName="Campaign" id="{6356ff2a-bbbe-49fb-9da2-160b08865688}" />
      </MissingDependency>
      <MissingDependency>
        <Required key="90" type="2" schemaName="statuscode" displayName="Status Reason" parentSchemaName="opportunity" parentDisplayName="Opportunity" solution="msdynce_Sales (9.0.4.0076)" />
        <Dependent key="12" type="60" displayName="Opportunity Nonprofit" parentDisplayName="Opportunity" id="{ea98882b-cf11-4bae-ad12-3fc3697114c5}" />
      </MissingDependency>
      <MissingDependency>
        <Required key="91" type="2" schemaName="opportunityid" displayName="Opportunity" parentSchemaName="opportunity" parentDisplayName="Opportunity" solution="msdynce_Sales (9.0.4.0076)" />
        <Dependent key="76" type="10" schemaName="msnfp_preference_opportunity" displayName="msnfp_preference_opportunity" parentSchemaName="msnfp_preference" parentDisplayName="Preference" />
      </MissingDependency>
      <MissingDependency>
        <Required key="91" type="2" schemaName="opportunityid" displayName="Opportunity" parentSchemaName="opportunity" parentDisplayName="Opportunity" solution="msdynce_Sales (9.0.4.0076)" />
        <Dependent key="77" type="10" schemaName="msnfp_designationPlan_opportunity" displayName="msnfp_designationPlan_opportunity" parentSchemaName="msnfp_designationplan" parentDisplayName="Designation Plan" />
      </MissingDependency>
      <MissingDependency>
        <Required key="92" type="2" schemaName="msdyn_gdproptout" displayName="GDPR Optout" parentSchemaName="contact" parentDisplayName="Contact" solution="SICommon (9.0.1.70227)" />
        <Dependent key="93" type="60" displayName="Donor" parentDisplayName="Contact" id="{3f695518-8b05-4ff5-a950-f7dd6868a43b}" />
      </MissingDependency>
      <MissingDependency>
        <Required key="92" type="2" schemaName="msdyn_gdproptout" displayName="GDPR Optout" parentSchemaName="contact" parentDisplayName="Contact" solution="SICommon (9.0.1.70227)" />
        <Dependent key="94" type="60" displayName="Volunteer" parentDisplayName="Contact" id="{56b2d9d6-1249-4711-8b6a-d561665b551d}" />
      </MissingDependency>
      <MissingDependency>
        <Required key="95" type="2" schemaName="campaignid" displayName="Source Campaign" parentSchemaName="lead" parentDisplayName="Lead" solution="msdynce_Marketing (9.0.4.37)" />
        <Dependent key="25" type="60" displayName="Lead Nonprofit" parentDisplayName="Lead" id="{978fd9f0-a8ab-4e7e-8fdf-38e4099593d4}" />
      </MissingDependency>
      <MissingDependency>
        <Required key="96" type="2" schemaName="istemplate" displayName="Template" parentSchemaName="campaign" parentDisplayName="Campaign" solution="msdynce_Marketing (9.0.4.37)" />
        <Dependent key="3" type="60" displayName="Campaign" parentDisplayName="Campaign" id="{6356ff2a-bbbe-49fb-9da2-160b08865688}" />
      </MissingDependency>
      <MissingDependency>
        <Required key="96" type="2" schemaName="istemplate" displayName="Template" parentSchemaName="campaign" parentDisplayName="Campaign" solution="msdynce_Marketing (9.0.4.37)" />
        <Dependent key="4" type="60" displayName="Campaign Nonprofit" parentDisplayName="Campaign" id="{d43ccd47-d43e-4739-b9dc-6d6c6738b7c9}" />
      </MissingDependency>
      <MissingDependency>
        <Required key="97" type="2" schemaName="industrycode" displayName="Industry" parentSchemaName="lead" parentDisplayName="Lead" solution="msdynce_LeadManagement (9.0.4.0066)" />
        <Dependent key="25" type="60" displayName="Lead Nonprofit" parentDisplayName="Lead" id="{978fd9f0-a8ab-4e7e-8fdf-38e4099593d4}" />
      </MissingDependency>
      <MissingDependency>
        <Required key="98" type="2" schemaName="purchasetimeframe" displayName="Purchase Timeframe" parentSchemaName="opportunity" parentDisplayName="Opportunity" solution="msdynce_Sales (9.0.4.0076)" />
        <Dependent key="12" type="60" displayName="Opportunity Nonprofit" parentDisplayName="Opportunity" id="{ea98882b-cf11-4bae-ad12-3fc3697114c5}" />
      </MissingDependency>
      <MissingDependency>
        <Required key="99" type="2" schemaName="purchaseprocess" displayName="Purchase Process" parentSchemaName="opportunity" parentDisplayName="Opportunity" solution="msdynce_Sales (9.0.4.0076)" />
        <Dependent key="12" type="60" displayName="Opportunity Nonprofit" parentDisplayName="Opportunity" id="{ea98882b-cf11-4bae-ad12-3fc3697114c5}" />
      </MissingDependency>
      <MissingDependency>
        <Required key="100" type="2" schemaName="codename" displayName="Campaign Code" parentSchemaName="campaign" parentDisplayName="Campaign" solution="msdynce_Marketing (9.0.4.37)" />
        <Dependent key="3" type="60" displayName="Campaign" parentDisplayName="Campaign" id="{6356ff2a-bbbe-49fb-9da2-160b08865688}" />
      </MissingDependency>
      <MissingDependency>
        <Required key="100" type="2" schemaName="codename" displayName="Campaign Code" parentSchemaName="campaign" parentDisplayName="Campaign" solution="msdynce_Marketing (9.0.4.37)" />
        <Dependent key="4" type="60" displayName="Campaign Nonprofit" parentDisplayName="Campaign" id="{d43ccd47-d43e-4739-b9dc-6d6c6738b7c9}" />
      </MissingDependency>
      <MissingDependency>
        <Required key="101" type="2" schemaName="currentsituation" displayName="Current Situation" parentSchemaName="opportunity" parentDisplayName="Opportunity" solution="msdynce_Sales (9.0.4.0076)" />
        <Dependent key="12" type="60" displayName="Opportunity Nonprofit" parentDisplayName="Opportunity" id="{ea98882b-cf11-4bae-ad12-3fc3697114c5}" />
      </MissingDependency>
      <MissingDependency>
        <Required key="102" type="2" schemaName="totaltax" displayName="Total Tax" parentSchemaName="opportunity" parentDisplayName="Opportunity" solution="msdynce_Sales (9.0.4.0076)" />
        <Dependent key="12" type="60" displayName="Opportunity Nonprofit" parentDisplayName="Opportunity" id="{ea98882b-cf11-4bae-ad12-3fc3697114c5}" />
      </MissingDependency>
      <MissingDependency>
        <Required key="103" type="2" schemaName="totallineitemamount" displayName="Total Detail Amount" parentSchemaName="opportunity" parentDisplayName="Opportunity" solution="msdynce_Sales (9.0.4.0076)" />
        <Dependent key="12" type="60" displayName="Opportunity Nonprofit" parentDisplayName="Opportunity" id="{ea98882b-cf11-4bae-ad12-3fc3697114c5}" />
      </MissingDependency>
      <MissingDependency>
        <Required key="104" type="2" schemaName="expectedrevenue" displayName="Estimated Revenue" parentSchemaName="campaign" parentDisplayName="Campaign" solution="msdynce_Marketing (9.0.4.37)" />
        <Dependent key="4" type="60" displayName="Campaign Nonprofit" parentDisplayName="Campaign" id="{d43ccd47-d43e-4739-b9dc-6d6c6738b7c9}" />
      </MissingDependency>
      <MissingDependency>
        <Required key="104" type="2" schemaName="expectedrevenue" displayName="Estimated Revenue" parentSchemaName="campaign" parentDisplayName="Campaign" solution="msdynce_Marketing (9.0.4.37)" />
        <Dependent key="3" type="60" displayName="Campaign" parentDisplayName="Campaign" id="{6356ff2a-bbbe-49fb-9da2-160b08865688}" />
      </MissingDependency>
      <MissingDependency>
        <Required key="105" type="2" schemaName="transactioncurrencyid" displayName="Currency" parentSchemaName="lead" parentDisplayName="Lead" solution="msdynce_LeadManagement (9.0.4.0066)" />
        <Dependent key="25" type="60" displayName="Lead Nonprofit" parentDisplayName="Lead" id="{978fd9f0-a8ab-4e7e-8fdf-38e4099593d4}" />
      </MissingDependency>
      <MissingDependency>
        <Required key="106" type="2" schemaName="donotsendmm" displayName="Marketing Material" parentSchemaName="lead" parentDisplayName="Lead" solution="msdynce_LeadManagement (9.0.4.0066)" />
        <Dependent key="25" type="60" displayName="Lead Nonprofit" parentDisplayName="Lead" id="{978fd9f0-a8ab-4e7e-8fdf-38e4099593d4}" />
      </MissingDependency>
      <MissingDependency>
        <Required key="107" type="2" schemaName="freightamount" displayName="Freight Amount" parentSchemaName="opportunity" parentDisplayName="Opportunity" solution="msdynce_Sales (9.0.4.0076)" />
        <Dependent key="12" type="60" displayName="Opportunity Nonprofit" parentDisplayName="Opportunity" id="{ea98882b-cf11-4bae-ad12-3fc3697114c5}" />
      </MissingDependency>
      <MissingDependency>
        <Required key="108" type="2" schemaName="estimatedclosedate" displayName="Est. Close Date" parentSchemaName="opportunity" parentDisplayName="Opportunity" solution="msdynce_Sales (9.0.4.0076)" />
        <Dependent key="12" type="60" displayName="Opportunity Nonprofit" parentDisplayName="Opportunity" id="{ea98882b-cf11-4bae-ad12-3fc3697114c5}" />
      </MissingDependency>
      <MissingDependency>
        <Required key="109" type="2" schemaName="totalcampaignactivityactualcost" displayName="Total Cost of Campaign Activities" parentSchemaName="campaign" parentDisplayName="Campaign" solution="msdynce_Marketing (9.0.4.37)" />
        <Dependent key="3" type="60" displayName="Campaign" parentDisplayName="Campaign" id="{6356ff2a-bbbe-49fb-9da2-160b08865688}" />
      </MissingDependency>
      <MissingDependency>
        <Required key="110" type="2" schemaName="preferredcontactmethodcode" displayName="Preferred Method of Contact" parentSchemaName="lead" parentDisplayName="Lead" solution="msdynce_LeadManagement (9.0.4.0066)" />
        <Dependent key="25" type="60" displayName="Lead Nonprofit" parentDisplayName="Lead" id="{978fd9f0-a8ab-4e7e-8fdf-38e4099593d4}" />
      </MissingDependency>
      <MissingDependency>
        <Required key="111" type="2" schemaName="address1_composite" displayName="Address 1" parentSchemaName="lead" parentDisplayName="Lead" solution="msdynce_LeadManagement (9.0.4.0066)" />
        <Dependent key="25" type="60" displayName="Lead Nonprofit" parentDisplayName="Lead" id="{978fd9f0-a8ab-4e7e-8fdf-38e4099593d4}" />
      </MissingDependency>
      <MissingDependency>
        <Required key="112" type="2" schemaName="followemail" displayName="Follow Email Activity" parentSchemaName="lead" parentDisplayName="Lead" solution="msdynce_LeadManagement (9.0.4.0066)" />
        <Dependent key="25" type="60" displayName="Lead Nonprofit" parentDisplayName="Lead" id="{978fd9f0-a8ab-4e7e-8fdf-38e4099593d4}" />
      </MissingDependency>
      <MissingDependency>
        <Required key="113" type="2" schemaName="parentbundleidref" displayName="Parent bundle product" parentSchemaName="opportunityproduct" parentDisplayName="Opportunity Product" solution="msdynce_SalesPatch (9.0.1810.2010)" />
        <Dependent key="12" type="60" displayName="Opportunity Nonprofit" parentDisplayName="Opportunity" id="{ea98882b-cf11-4bae-ad12-3fc3697114c5}" />
      </MissingDependency>
      <MissingDependency>
        <Required key="114" type="2" schemaName="isrevenuesystemcalculated" displayName="Revenue" parentSchemaName="opportunity" parentDisplayName="Opportunity" solution="msdynce_Sales (9.0.4.0076)" />
        <Dependent key="12" type="60" displayName="Opportunity Nonprofit" parentDisplayName="Opportunity" id="{ea98882b-cf11-4bae-ad12-3fc3697114c5}" />
      </MissingDependency>
      <MissingDependency>
        <Required key="115" type="2" schemaName="donotbulkemail" displayName="Do not allow Bulk Emails" parentSchemaName="lead" parentDisplayName="Lead" solution="msdynce_LeadManagement (9.0.4.0066)" />
        <Dependent key="25" type="60" displayName="Lead Nonprofit" parentDisplayName="Lead" id="{978fd9f0-a8ab-4e7e-8fdf-38e4099593d4}" />
      </MissingDependency>
      <MissingDependency>
        <Required key="116" type="2" schemaName="name" displayName="Name" parentSchemaName="campaign" parentDisplayName="Campaign" solution="msdynce_Marketing (9.0.4.37)" />
        <Dependent key="3" type="60" displayName="Campaign" parentDisplayName="Campaign" id="{6356ff2a-bbbe-49fb-9da2-160b08865688}" />
      </MissingDependency>
      <MissingDependency>
        <Required key="116" type="2" schemaName="name" displayName="Name" parentSchemaName="campaign" parentDisplayName="Campaign" solution="msdynce_Marketing (9.0.4.37)" />
        <Dependent key="72" type="10" schemaName="msnfp_plannedGiving_campaign" displayName="msnfp_plannedGiving_campaign" parentSchemaName="msnfp_plannedgiving" parentDisplayName="Planned Giving" />
      </MissingDependency>
      <MissingDependency>
        <Required key="116" type="2" schemaName="name" displayName="Name" parentSchemaName="campaign" parentDisplayName="Campaign" solution="msdynce_Marketing (9.0.4.37)" />
        <Dependent key="4" type="60" displayName="Campaign Nonprofit" parentDisplayName="Campaign" id="{d43ccd47-d43e-4739-b9dc-6d6c6738b7c9}" />
      </MissingDependency>
      <MissingDependency>
        <Required key="116" type="2" schemaName="name" displayName="Name" parentSchemaName="campaign" parentDisplayName="Campaign" solution="msdynce_Marketing (9.0.4.37)" />
        <Dependent key="69" type="10" schemaName="msnfp_designationPlan_campaign" displayName="msnfp_designationPlan_campaign" parentSchemaName="msnfp_designationplan" parentDisplayName="Designation Plan" />
      </MissingDependency>
      <MissingDependency>
        <Required key="116" type="2" schemaName="name" displayName="Name" parentSchemaName="campaign" parentDisplayName="Campaign" solution="msdynce_Marketing (9.0.4.37)" />
        <Dependent key="68" type="10" schemaName="msnfp_txn_originatingCampaign" displayName="msnfp_txn_originatingCampaign" parentSchemaName="msnfp_transaction" parentDisplayName="Transaction" />
      </MissingDependency>
      <MissingDependency>
        <Required key="116" type="2" schemaName="name" displayName="Name" parentSchemaName="campaign" parentDisplayName="Campaign" solution="msdynce_Marketing (9.0.4.37)" />
        <Dependent key="70" type="10" schemaName="msnfp_commitment_campaign" displayName="msnfp_commitment_campaign" parentSchemaName="msnfp_donorcommitment" parentDisplayName="Donor Commitment" />
      </MissingDependency>
      <MissingDependency>
        <Required key="116" type="2" schemaName="name" displayName="Name" parentSchemaName="campaign" parentDisplayName="Campaign" solution="msdynce_Marketing (9.0.4.37)" />
        <Dependent key="71" type="10" schemaName="msnfp_creditPlan_campaign" displayName="msnfp_creditPlan_campaign" parentSchemaName="msnfp_creditplan" parentDisplayName="Credit Plan" />
      </MissingDependency>
      <MissingDependency>
        <Required key="116" type="2" schemaName="name" displayName="Name" parentSchemaName="campaign" parentDisplayName="Campaign" solution="msdynce_Marketing (9.0.4.37)" />
        <Dependent key="117" type="10" schemaName="msnfp_txn_effectiveCampaign" displayName="msnfp_txn_effectiveCampaign" parentSchemaName="msnfp_transaction" parentDisplayName="Transaction" />
      </MissingDependency>
      <MissingDependency>
        <Required key="118" type="2" schemaName="totalamount" displayName="Total Amount" parentSchemaName="opportunity" parentDisplayName="Opportunity" solution="msdynce_Sales (9.0.4.0076)" />
        <Dependent key="12" type="60" displayName="Opportunity Nonprofit" parentDisplayName="Opportunity" id="{ea98882b-cf11-4bae-ad12-3fc3697114c5}" />
      </MissingDependency>
      <MissingDependency>
        <Required key="119" type="2" schemaName="proposedsolution" displayName="Proposed Solution" parentSchemaName="opportunity" parentDisplayName="Opportunity" solution="msdynce_Sales (9.0.4.0076)" />
        <Dependent key="12" type="60" displayName="Opportunity Nonprofit" parentDisplayName="Opportunity" id="{ea98882b-cf11-4bae-ad12-3fc3697114c5}" />
      </MissingDependency>
      <MissingDependency>
        <Required key="120" type="2" schemaName="msdyn_gdproptout" displayName="GDPR Optout" parentSchemaName="lead" parentDisplayName="Lead" solution="SICommon (9.0.1.70227)" />
        <Dependent key="25" type="60" displayName="Lead Nonprofit" parentDisplayName="Lead" id="{978fd9f0-a8ab-4e7e-8fdf-38e4099593d4}" />
      </MissingDependency>
      <MissingDependency>
        <Required key="121" type="2" schemaName="estimatedvalue" displayName="Est. Revenue" parentSchemaName="opportunity" parentDisplayName="Opportunity" solution="msdynce_Sales (9.0.4.0076)" />
        <Dependent key="12" type="60" displayName="Opportunity Nonprofit" parentDisplayName="Opportunity" id="{ea98882b-cf11-4bae-ad12-3fc3697114c5}" />
      </MissingDependency>
      <MissingDependency>
        <Required key="122" type="2" schemaName="fullname" displayName="Name" parentSchemaName="lead" parentDisplayName="Lead" solution="msdynce_LeadManagement (9.0.4.0066)" />
        <Dependent key="39" type="10" schemaName="msnfp_recommendation_lead" displayName="msnfp_recommendation_lead" parentSchemaName="msnfp_recommendation" parentDisplayName="Recommendation" />
      </MissingDependency>
      <MissingDependency>
        <Required key="122" type="2" schemaName="fullname" displayName="Name" parentSchemaName="lead" parentDisplayName="Lead" solution="msdynce_LeadManagement (9.0.4.0066)" />
        <Dependent key="40" type="10" schemaName="msnfp_review_lead" displayName="msnfp_review_lead" parentSchemaName="msnfp_review" parentDisplayName="Review" />
      </MissingDependency>
      <MissingDependency>
        <Required key="122" type="2" schemaName="fullname" displayName="Name" parentSchemaName="lead" parentDisplayName="Lead" solution="msdynce_LeadManagement (9.0.4.0066)" />
        <Dependent key="41" type="10" schemaName="msnfp_ofacMatch_inquiry" displayName="msnfp_ofacMatch_inquiry" parentSchemaName="msnfp_ofacmatch" parentDisplayName="OFAC Match" />
      </MissingDependency>
      <MissingDependency>
        <Required key="122" type="2" schemaName="fullname" displayName="Name" parentSchemaName="lead" parentDisplayName="Lead" solution="msdynce_LeadManagement (9.0.4.0066)" />
        <Dependent key="38" type="10" schemaName="msnfp_lead_request_LeadId" displayName="msnfp_lead_request_LeadId" parentSchemaName="msnfp_request" parentDisplayName="Request" />
      </MissingDependency>
      <MissingDependency>
        <Required key="122" type="2" schemaName="fullname" displayName="Name" parentSchemaName="lead" parentDisplayName="Lead" solution="msdynce_LeadManagement (9.0.4.0066)" />
        <Dependent key="25" type="60" displayName="Lead Nonprofit" parentDisplayName="Lead" id="{978fd9f0-a8ab-4e7e-8fdf-38e4099593d4}" />
      </MissingDependency>
      <MissingDependency>
        <Required key="122" type="2" schemaName="fullname" displayName="Name" parentSchemaName="lead" parentDisplayName="Lead" solution="msdynce_LeadManagement (9.0.4.0066)" />
        <Dependent key="42" type="10" schemaName="msnfp_report_lead" displayName="msnfp_report_lead" parentSchemaName="msnfp_report" parentDisplayName="Report" />
      </MissingDependency>
      <MissingDependency>
        <Required key="123" type="26" schemaName="Campaign Activities" displayName="Campaign Activities" parentSchemaName="campaignactivity" parentDisplayName="Campaign Activity" solution="msdynce_Marketing (9.0.4.37)" id="{491eec53-c380-e211-90f7-00155d89bb01}" />
        <Dependent key="3" type="60" displayName="Campaign" parentDisplayName="Campaign" id="{6356ff2a-bbbe-49fb-9da2-160b08865688}" />
      </MissingDependency>
      <MissingDependency>
        <Required key="123" type="26" schemaName="Campaign Activities" displayName="Campaign Activities" parentSchemaName="campaignactivity" parentDisplayName="Campaign Activity" solution="msdynce_Marketing (9.0.4.37)" id="{491eec53-c380-e211-90f7-00155d89bb01}" />
        <Dependent key="4" type="60" displayName="Campaign Nonprofit" parentDisplayName="Campaign" id="{d43ccd47-d43e-4739-b9dc-6d6c6738b7c9}" />
      </MissingDependency>
      <MissingDependency>
        <Required key="124" type="26" schemaName="Opportunity Quotes" displayName="Opportunity Quotes" parentSchemaName="quote" parentDisplayName="Quote" solution="msdynce_Sales (9.0.4.0076)" id="{61a4c932-d775-e211-b420-00155d806600}" />
        <Dependent key="12" type="60" displayName="Opportunity Nonprofit" parentDisplayName="Opportunity" id="{ea98882b-cf11-4bae-ad12-3fc3697114c5}" />
      </MissingDependency>
      <MissingDependency>
        <Required key="125" type="26" schemaName="Campaign Marketing Lists" displayName="Campaign Marketing Lists" parentSchemaName="list" parentDisplayName="Marketing List" solution="msdynce_Marketing (9.0.4.37)" id="{b1b7f81b-c780-e211-90f7-00155d89bb01}" />
        <Dependent key="3" type="60" displayName="Campaign" parentDisplayName="Campaign" id="{6356ff2a-bbbe-49fb-9da2-160b08865688}" />
      </MissingDependency>
      <MissingDependency>
        <Required key="125" type="26" schemaName="Campaign Marketing Lists" displayName="Campaign Marketing Lists" parentSchemaName="list" parentDisplayName="Marketing List" solution="msdynce_Marketing (9.0.4.37)" id="{b1b7f81b-c780-e211-90f7-00155d89bb01}" />
        <Dependent key="4" type="60" displayName="Campaign Nonprofit" parentDisplayName="Campaign" id="{d43ccd47-d43e-4739-b9dc-6d6c6738b7c9}" />
      </MissingDependency>
      <MissingDependency>
        <Required key="126" type="26" schemaName="All Competitors (summary)" displayName="All Competitors (summary)" parentSchemaName="competitor" parentDisplayName="Competitor" solution="msdynce_Sales (9.0.4.0076)" id="{57bca9ac-87a0-4c28-adc8-2d0a4645f29e}" />
        <Dependent key="12" type="60" displayName="Opportunity Nonprofit" parentDisplayName="Opportunity" id="{ea98882b-cf11-4bae-ad12-3fc3697114c5}" />
      </MissingDependency>
      <MissingDependency>
        <Required key="126" type="26" schemaName="All Competitors (summary)" displayName="All Competitors (summary)" parentSchemaName="competitor" parentDisplayName="Competitor" solution="msdynce_Sales (9.0.4.0076)" id="{57bca9ac-87a0-4c28-adc8-2d0a4645f29e}" />
        <Dependent key="25" type="60" displayName="Lead Nonprofit" parentDisplayName="Lead" id="{978fd9f0-a8ab-4e7e-8fdf-38e4099593d4}" />
      </MissingDependency>
      <MissingDependency>
        <Required key="127" type="26" schemaName="Opportunity Product Inline Edit View" displayName="Opportunity Product Inline Edit View" parentSchemaName="opportunityproduct" parentDisplayName="Opportunity Product" solution="msdynce_Sales (9.0.4.0076)" id="{01010de7-749e-4fe6-8037-aca560a4fcbe}" />
        <Dependent key="12" type="60" displayName="Opportunity Nonprofit" parentDisplayName="Opportunity" id="{ea98882b-cf11-4bae-ad12-3fc3697114c5}" />
      </MissingDependency>
      <MissingDependency>
        <Required key="128" type="26" schemaName="Campaign Lookup View" displayName="Campaign Lookup View" parentSchemaName="campaign" parentDisplayName="Campaign" solution="msdynce_Marketing (9.0.4.37)" id="{0e76dc73-2052-484e-8c00-a760f8d522ec}" />
        <Dependent key="25" type="60" displayName="Lead Nonprofit" parentDisplayName="Lead" id="{978fd9f0-a8ab-4e7e-8fdf-38e4099593d4}" />
      </MissingDependency>
      <MissingDependency>
        <Required key="129" type="26" schemaName="Campaign Responses" displayName="Campaign Responses" parentSchemaName="campaignresponse" parentDisplayName="Campaign Response" solution="msdynce_Marketing (9.0.4.37)" id="{d92f939d-c780-e211-90f7-00155d89bb01}" />
        <Dependent key="3" type="60" displayName="Campaign" parentDisplayName="Campaign" id="{6356ff2a-bbbe-49fb-9da2-160b08865688}" />
      </MissingDependency>
      <MissingDependency>
        <Required key="130" type="26" schemaName="My Campaign Responses" displayName="My Campaign Responses" parentSchemaName="campaignresponse" parentDisplayName="Campaign Response" solution="msdynce_Marketing (9.0.4.37)" id="{7a683a37-d63c-453d-9507-3b7628b29e27}" />
        <Dependent key="3" type="60" displayName="Campaign" parentDisplayName="Campaign" id="{6356ff2a-bbbe-49fb-9da2-160b08865688}" />
      </MissingDependency>
      <MissingDependency>
        <Required key="131" type="26" schemaName="Opportunity Product Inline Edit View: Bundle Products" displayName="Opportunity Product Inline Edit View: Bundle Products" parentSchemaName="opportunityproduct" parentDisplayName="Opportunity Product" solution="msdynce_SalesPatch (9.0.1810.2010)" id="{e175dfbf-8eae-4af2-9dd2-68c43c14d40f}" />
        <Dependent key="12" type="60" displayName="Opportunity Nonprofit" parentDisplayName="Opportunity" id="{ea98882b-cf11-4bae-ad12-3fc3697114c5}" />
      </MissingDependency>
      <MissingDependency>
        <Required key="132" type="26" schemaName="Campaign Leads" displayName="Campaign Leads" parentSchemaName="lead" parentDisplayName="Lead" solution="msdynce_LeadManagement (9.0.4.0066)" id="{333b0ce1-c380-e211-90f7-00155d89bb01}" />
        <Dependent key="3" type="60" displayName="Campaign" parentDisplayName="Campaign" id="{6356ff2a-bbbe-49fb-9da2-160b08865688}" />
      </MissingDependency>
      <MissingDependency>
        <Required key="132" type="26" schemaName="Campaign Leads" displayName="Campaign Leads" parentSchemaName="lead" parentDisplayName="Lead" solution="msdynce_LeadManagement (9.0.4.0066)" id="{333b0ce1-c380-e211-90f7-00155d89bb01}" />
        <Dependent key="4" type="60" displayName="Campaign Nonprofit" parentDisplayName="Campaign" id="{d43ccd47-d43e-4739-b9dc-6d6c6738b7c9}" />
      </MissingDependency>
      <MissingDependency>
        <Required key="3" type="60" displayName="Campaign" parentDisplayName="Campaign" solution="msdynce_Marketing (9.0.4.37)" id="{6356ff2a-bbbe-49fb-9da2-160b08865688}" />
        <Dependent key="3" type="60" displayName="Campaign" parentDisplayName="Campaign" id="{6356ff2a-bbbe-49fb-9da2-160b08865688}" />
      </MissingDependency>
      <MissingDependency>
        <Required key="133" type="66" schemaName="MscrmControls.FlipSwitch.FlipSwitchControl" displayName="MscrmControls.FlipSwitch.FlipSwitchControl" solution="CustomControlsCore (9.1.0000.0288)" />
        <Dependent key="25" type="60" displayName="Lead Nonprofit" parentDisplayName="Lead" id="{978fd9f0-a8ab-4e7e-8fdf-38e4099593d4}" />
      </MissingDependency>
      <MissingDependency>
        <Required key="134" type="66" schemaName="MscrmControls.Grid.GridControl" displayName="MscrmControls.Grid.GridControl" solution="CustomControlsCore (9.1.0000.0288)" />
        <Dependent key="12" type="60" displayName="Opportunity Nonprofit" parentDisplayName="Opportunity" id="{ea98882b-cf11-4bae-ad12-3fc3697114c5}" />
      </MissingDependency>
      <MissingDependency>
        <Required key="135" type="66" schemaName="MscrmControls.CardFeedContainer.CardFeedContainer" displayName="MscrmControls.CardFeedContainer.CardFeedContainer" solution="CustomControlsCore (9.1.0000.0288)" />
        <Dependent key="12" type="60" displayName="Opportunity Nonprofit" parentDisplayName="Opportunity" id="{ea98882b-cf11-4bae-ad12-3fc3697114c5}" />
      </MissingDependency>
      <MissingDependency>
        <Required key="135" type="66" schemaName="MscrmControls.CardFeedContainer.CardFeedContainer" displayName="MscrmControls.CardFeedContainer.CardFeedContainer" solution="CustomControlsCore (9.1.0000.0288)" />
        <Dependent key="25" type="60" displayName="Lead Nonprofit" parentDisplayName="Lead" id="{978fd9f0-a8ab-4e7e-8fdf-38e4099593d4}" />
      </MissingDependency>
      <MissingDependency>
        <Required key="136" type="61" schemaName="iv_/images/insights_85x71px.png" displayName="iv_/images/insights_85x71px.png" solution="InsideView (4.2)" />
        <Dependent key="1" type="62" />
      </MissingDependency>
      <MissingDependency>
        <Required key="137" type="61" schemaName="msdyn_/PersonalWall.htm" displayName="msdyn_/PersonalWall.htm" solution="ActivityFeedsCore (9.0.0.0)" />
        <Dependent key="1" type="62" />
      </MissingDependency>
      <MissingDependency>
        <Required key="138" type="61" schemaName="iv_/images/list_build_32px.png" displayName="iv_/images/list_build_32px.png" solution="InsideView (4.2)" />
        <Dependent key="1" type="62" />
      </MissingDependency>
      <MissingDependency>
        <Required key="139" type="61" schemaName="AppCommon/Contact/Contact_main_system_library.js" displayName="AppCommon/Contact/Contact_main_system_library.js" solution="msdynce_AppCommon (9.0.4.0066)" />
        <Dependent key="94" type="60" displayName="Volunteer" parentDisplayName="Contact" id="{56b2d9d6-1249-4711-8b6a-d561665b551d}" />
      </MissingDependency>
      <MissingDependency>
        <Required key="140" type="61" schemaName="iv_/webpages/about_insights.htm" displayName="iv_/webpages/about_insights.htm" solution="InsideView (4.2)" />
        <Dependent key="1" type="62" />
      </MissingDependency>
      <MissingDependency>
        <Required key="141" type="61" schemaName="iv_/webpages/list_build.htm" displayName="iv_/webpages/list_build.htm" solution="InsideView (4.2)" />
        <Dependent key="1" type="62" />
      </MissingDependency>
      <MissingDependency>
        <Required key="142" type="61" schemaName="iv_/webpages/insights_settings.htm" displayName="iv_/webpages/insights_settings.htm" solution="InsideView (4.2)" />
        <Dependent key="1" type="62" />
      </MissingDependency>
      <MissingDependency>
        <Required key="143" type="61" schemaName="msdyn_talkingpointsloader.js" displayName="msdyn_talkingpointsloader.js" solution="Icebreakers (9.0.1.7097)" />
        <Dependent key="93" type="60" displayName="Donor" parentDisplayName="Contact" id="{3f695518-8b05-4ff5-a950-f7dd6868a43b}" />
      </MissingDependency>
      <MissingDependency>
        <Required key="143" type="61" schemaName="msdyn_talkingpointsloader.js" displayName="msdyn_talkingpointsloader.js" solution="Icebreakers (9.0.1.7097)" />
        <Dependent key="94" type="60" displayName="Volunteer" parentDisplayName="Contact" id="{56b2d9d6-1249-4711-8b6a-d561665b551d}" />
      </MissingDependency>
      <MissingDependency>
        <Required key="144" type="61" schemaName="msdyn_appmanagementcontrol" displayName="msdyn_appmanagementcontrol" solution="AppModuleWebResources (2.5)" />
        <Dependent key="1" type="62" />
      </MissingDependency>
      <MissingDependency>
        <Required key="145" type="61" schemaName="iv_/images/about_insights_red_32px.png" displayName="iv_/images/about_insights_red_32px.png" solution="InsideView (4.2)" />
        <Dependent key="1" type="62" />
      </MissingDependency>
      <MissingDependency>
        <Required key="146" type="61" schemaName="iv_/images/org_settings_32px.png" displayName="iv_/images/org_settings_32px.png" solution="InsideView (4.2)" />
        <Dependent key="1" type="62" />
      </MissingDependency>
      <MissingDependency>
        <Required key="147" type="61" schemaName="msdyn_/Images/Wall_16.png" displayName="msdyn_/Images/Wall_16.png" solution="ActivityFeedsCore (9.0.0.0)" />
        <Dependent key="1" type="62" />
      </MissingDependency>
      <MissingDependency>
        <Required key="148" type="61" schemaName="iv_/webpages/discovery_center.htm" displayName="iv_/webpages/discovery_center.htm" solution="InsideView (4.2)" />
        <Dependent key="1" type="62" />
      </MissingDependency>
      <MissingDependency>
        <Required key="149" type="61" schemaName="msdyn_/Images/AppModule_Default_Icon.png" displayName="msdyn_/Images/AppModule_Default_Icon.png" solution="AppModuleWebResources (2.5)" />
        <Dependent key="150" type="80" schemaName="msnfp_NonprofitAccelerator" displayName="Fundraising Hub" />
      </MissingDependency>
      <MissingDependency>
        <Required key="151" type="61" schemaName="iv_/images/user_settings_32px.png" displayName="iv_/images/user_settings_32px.png" solution="InsideView (4.2)" />
        <Dependent key="1" type="62" />
      </MissingDependency>
      <MissingDependency>
        <Required key="152" type="61" schemaName="iv_/images/discovery_center_32px.png" displayName="iv_/images/discovery_center_32px.png" solution="InsideView (4.2)" />
        <Dependent key="1" type="62" />
      </MissingDependency>
      <MissingDependency>
        <Required key="153" type="61" schemaName="Marketing/Campaign/Campaign_main_system_library.js" displayName="Marketing/Campaign/Campaign_main_system_library.js" solution="msdynce_Marketing (9.0.4.37)" />
        <Dependent key="3" type="60" displayName="Campaign" parentDisplayName="Campaign" id="{6356ff2a-bbbe-49fb-9da2-160b08865688}" />
      </MissingDependency>
    </MissingDependencies>
  </SolutionManifest>
</ImportExportXml>