{
    "schemaVersion": "0.7.0",
    "imports": [
        {
            "corpusPath": "_allImports.cdm.json"
        }
    ],
    "definitions": [
        {
            "entityName": "BookableResourceCategoryAssn",
            "extendsEntity": "CdsStandard",
            "exhibitsTraits": [
                {
                    "traitReference": "is.localized.displayedAs",
                    "arguments": [
                        {
                            "entityReference": {
                                "entityShape": "localizedTable",
                                "constantValues": [
                                    [
                                        "en",
                                        "Bookable Resource Category Assn"
                                    ]
                                ]
                            }
                        }
                    ]
                },
                {
                    "traitReference": "is.localized.describedAs",
                    "arguments": [
                        {
                            "entityReference": {
                                "entityShape": "localizedTable",
                                "constantValues": [
                                    [
                                        "en",
                                        "Association entity to model the categorization of resources."
                                    ]
                                ]
                            }
                        }
                    ]
                }
            ],
            "displayName": "Bookable Resource Category Assn",
            "description": "Association entity to model the categorization of resources.",
            "sourceName": "BookableResourceCategoryAssn",
            "hasAttributes": [
                {
                    "attributeGroupReference": {
                        "attributeGroupName": "attributesAddedAtThisScope",
                        "exhibitsTraits": [
                            {
                                "traitReference": "is.CDM.attributeGroup",
                                "arguments": [
                                    {
                                        "entityReference": {
                                            "entityShape": "attributeGroupSet",
                                            "constantValues": [
                                                [
                                                    "/core/applicationCommon/foundationCommon/BookableResourceCategoryAssn.cdm.json/BookableResourceCategoryAssn/hasAttributes/attributesAddedAtThisScope"
                                                ]
                                            ]
                                        }
                                    }
                                ]
                            }
                        ],
                        "members": [
                            {
                                "relationship": "identifiedBy",
                                "dataType": "entityId",
                                "name": "bookableResourceCategoryAssnId",
                                "appliedTraits": [
                                    {
                                        "traitReference": "is.requiredAtLevel",
                                        "arguments": [
                                            {
                                                "name": "level",
                                                "value": "systemrequired"
                                            }
                                        ]
                                    },
                                    {
                                        "traitReference": "is.localized.displayedAs",
                                        "arguments": [
                                            {
                                                "entityReference": {
                                                    "entityShape": "localizedTable",
                                                    "constantValues": [
                                                        [
                                                            "en",
                                                            "Resource Category Assn"
                                                        ]
                                                    ]
                                                }
                                            }
                                        ]
                                    },
                                    {
                                        "traitReference": "is.localized.describedAs",
                                        "arguments": [
                                            {
                                                "entityReference": {
                                                    "entityShape": "localizedTable",
                                                    "constantValues": [
                                                        [
                                                            "en",
                                                            "Unique identifier of the resource and category association."
                                                        ]
                                                    ]
                                                }
                                            }
                                        ]
                                    }
                                ],
                                "sourceName": "bookableresourcecategoryassnid",
                                "sourceOrdering": 10000,
                                "displayName": "Resource Category Assn",
                                "description": "Unique identifier of the resource and category association."
                            },
                            {
                                "relationship": "hasA",
                                "dataType": "name",
                                "name": "name",
                                "appliedTraits": [
                                    {
                                        "traitReference": "is.requiredAtLevel",
                                        "arguments": [
                                            {
                                                "name": "level",
                                                "value": "none"
                                            }
                                        ]
                                    },
                                    {
                                        "traitReference": "is.localized.displayedAs",
                                        "arguments": [
                                            {
                                                "entityReference": {
                                                    "entityShape": "localizedTable",
                                                    "constantValues": [
                                                        [
                                                            "en",
                                                            "Name"
                                                        ]
                                                    ]
                                                }
                                            }
                                        ]
                                    },
                                    {
                                        "traitReference": "is.localized.describedAs",
                                        "arguments": [
                                            {
                                                "entityReference": {
                                                    "entityShape": "localizedTable",
                                                    "constantValues": [
                                                        [
                                                            "en",
                                                            "The name of the association beween a resource and a category."
                                                        ]
                                                    ]
                                                }
                                            }
                                        ]
                                    }
                                ],
                                "sourceName": "name",
                                "maximumLength": 100,
                                "sourceOrdering": 10028,
                                "isNullable": true,
                                "displayName": "Name",
                                "description": "The name of the association beween a resource and a category."
                            },
                            {
                                "name": "bookableresource_bookableresourcecategoryassn_Resource",
                                "entity": {
                                    "entityReference": "BookableResource",
                                    "appliedTraits": [
                                        {
                                            "traitReference": "is.identifiedBy",
                                            "arguments": [
                                                "BookableResource/(resolvedAttributes)/bookableResourceId"
                                            ]
                                        }
                                    ]
                                },
                                "relationship": {
                                    "relationshipReference": "hasFlexibleRelationshipWithEntity",
                                    "appliedTraits": [
                                        {
                                            "traitReference": "does.referenceEntityVia",
                                            "arguments": [
                                                {
                                                    "name": "foreignKeyAttribute",
                                                    "value": {
                                                        "relationship": "hasA",
                                                        "dataType": "entityId",
                                                        "name": "resource",
                                                        "appliedTraits": [
                                                            {
                                                                "traitReference": "is.CDS.lookup",
                                                                "arguments": [
                                                                    {
                                                                        "name": "style",
                                                                        "value": "single"
                                                                    }
                                                                ]
                                                            },
                                                            {
                                                                "traitReference": "is.requiredAtLevel",
                                                                "arguments": [
                                                                    {
                                                                        "name": "level",
                                                                        "value": "systemrequired"
                                                                    }
                                                                ]
                                                            },
                                                            {
                                                                "traitReference": "is.localized.displayedAs",
                                                                "arguments": [
                                                                    {
                                                                        "entityReference": {
                                                                            "entityShape": "localizedTable",
                                                                            "constantValues": [
                                                                                [
                                                                                    "en",
                                                                                    "Resource"
                                                                                ]
                                                                            ]
                                                                        }
                                                                    }
                                                                ]
                                                            },
                                                            {
                                                                "traitReference": "is.localized.describedAs",
                                                                "arguments": [
                                                                    {
                                                                        "entityReference": {
                                                                            "entityShape": "localizedTable",
                                                                            "constantValues": [
                                                                                [
                                                                                    "en",
                                                                                    "Shows the resource associated with the category."
                                                                                ]
                                                                            ]
                                                                        }
                                                                    }
                                                                ]
                                                            }
                                                        ],
                                                        "sourceName": "resource",
                                                        "sourceOrdering": 10029,
                                                        "isNullable": true,
                                                        "displayName": "Resource",
                                                        "description": "Shows the resource associated with the category."
                                                    }
                                                }
                                            ]
                                        }
                                    ]
                                }
                            },
                            {
                                "name": "bookableresourcecategory_bookableresourcecategoryassn_ResourceCategory",
                                "entity": {
                                    "entityReference": "BookableResourceCategory",
                                    "appliedTraits": [
                                        {
                                            "traitReference": "is.identifiedBy",
                                            "arguments": [
                                                "BookableResourceCategory/(resolvedAttributes)/bookableResourceCategoryId"
                                            ]
                                        }
                                    ]
                                },
                                "relationship": {
                                    "relationshipReference": "hasFlexibleRelationshipWithEntity",
                                    "appliedTraits": [
                                        {
                                            "traitReference": "does.referenceEntityVia",
                                            "arguments": [
                                                {
                                                    "name": "foreignKeyAttribute",
                                                    "value": {
                                                        "relationship": "hasA",
                                                        "dataType": "entityId",
                                                        "name": "resourceCategory",
                                                        "appliedTraits": [
                                                            {
                                                                "traitReference": "is.CDS.lookup",
                                                                "arguments": [
                                                                    {
                                                                        "name": "style",
                                                                        "value": "single"
                                                                    }
                                                                ]
                                                            },
                                                            {
                                                                "traitReference": "is.requiredAtLevel",
                                                                "arguments": [
                                                                    {
                                                                        "name": "level",
                                                                        "value": "systemrequired"
                                                                    }
                                                                ]
                                                            },
                                                            {
                                                                "traitReference": "is.localized.displayedAs",
                                                                "arguments": [
                                                                    {
                                                                        "entityReference": {
                                                                            "entityShape": "localizedTable",
                                                                            "constantValues": [
                                                                                [
                                                                                    "en",
                                                                                    "Resource Category"
                                                                                ]
                                                                            ]
                                                                        }
                                                                    }
                                                                ]
                                                            },
                                                            {
                                                                "traitReference": "is.localized.describedAs",
                                                                "arguments": [
                                                                    {
                                                                        "entityReference": {
                                                                            "entityShape": "localizedTable",
                                                                            "constantValues": [
                                                                                [
                                                                                    "en",
                                                                                    "Choose a category to associate with the resource."
                                                                                ]
                                                                            ]
                                                                        }
                                                                    }
                                                                ]
                                                            }
                                                        ],
                                                        "sourceName": "resourcecategory",
                                                        "sourceOrdering": 10030,
                                                        "isNullable": true,
                                                        "displayName": "Resource Category",
                                                        "description": "Choose a category to associate with the resource."
                                                    }
                                                }
                                            ]
                                        }
                                    ]
                                }
                            },
                            {
                                "relationship": "representsStateWith",
                                "dataType": {
                                    "dataTypeReference": "listLookup",
                                    "appliedTraits": [
                                        {
                                            "traitReference": "does.haveDefault",
                                            "arguments": [
                                                {
                                                    "entityReference": {
                                                        "explanation": "The constantValues below correspond to the attributes of the 'listLookupValues' entityShape which are: {languageTag, displayText, attributeValue, displayOrder}",
                                                        "entityShape": "listLookupValues",
                                                        "constantValues": [
                                                            [
                                                                "en",
                                                                "Active",
                                                                "0",
                                                                "0"
                                                            ],
                                                            [
                                                                "en",
                                                                "Inactive",
                                                                "1",
                                                                "1"
                                                            ]
                                                        ]
                                                    }
                                                }
                                            ]
                                        },
                                        {
                                            "traitReference": "does.addSupportingAttribute",
                                            "arguments": [
                                                {
                                                    "explanation": "This attribute 'stateCode_display' is added to the 'BookableResourceCategoryAssn' entity to provide the localized display text for the value of the listLookup attribute 'stateCode'",
                                                    "relationship": "hasA",
                                                    "dataType": "localizedDisplayText",
                                                    "name": "stateCode_display",
                                                    "isReadOnly": true
                                                }
                                            ]
                                        }
                                    ]
                                },
                                "name": "stateCode",
                                "appliedTraits": [
                                    {
                                        "traitReference": "is.requiredAtLevel",
                                        "arguments": [
                                            {
                                                "name": "level",
                                                "value": "systemrequired"
                                            }
                                        ]
                                    },
                                    {
                                        "traitReference": "is.localized.displayedAs",
                                        "arguments": [
                                            {
                                                "entityReference": {
                                                    "entityShape": "localizedTable",
                                                    "constantValues": [
                                                        [
                                                            "en",
                                                            "Status"
                                                        ]
                                                    ]
                                                }
                                            }
                                        ]
                                    },
                                    {
                                        "traitReference": "is.localized.describedAs",
                                        "arguments": [
                                            {
                                                "entityReference": {
                                                    "entityShape": "localizedTable",
                                                    "constantValues": [
                                                        [
                                                            "en",
                                                            "Status of the Resource Category Assn"
                                                        ]
                                                    ]
                                                }
                                            }
                                        ]
                                    }
                                ],
                                "sourceName": "statecode",
                                "sourceOrdering": 10031,
                                "displayName": "Status",
                                "description": "Status of the Resource Category Assn"
                            },
                            {
                                "relationship": {
                                    "relationshipReference": "representsCorrelatedStatusWith",
                                    "appliedTraits": [
                                        {
                                            "traitReference": "is.correlatedWith",
                                            "arguments": [
                                                "stateCode"
                                            ]
                                        }
                                    ]
                                },
                                "dataType": {
                                    "dataTypeReference": "listLookup",
                                    "appliedTraits": [
                                        {
                                            "traitReference": "does.haveDefault",
                                            "arguments": [
                                                {
                                                    "entityReference": {
                                                        "explanation": "The constantValues below correspond to the attributes of the 'listLookupCorrelatedValues' entityShape which are: {languageTag, displayText, attributeValue, displayOrder, correlatedValue}",
                                                        "entityShape": "listLookupCorrelatedValues",
                                                        "constantValues": [
                                                            [
                                                                "en",
                                                                "Active",
                                                                "1",
                                                                "0",
                                                                "0"
                                                            ],
                                                            [
                                                                "en",
                                                                "Inactive",
                                                                "2",
                                                                "1",
                                                                "1"
                                                            ]
                                                        ]
                                                    }
                                                }
                                            ]
                                        },
                                        {
                                            "traitReference": "does.addSupportingAttribute",
                                            "arguments": [
                                                {
                                                    "explanation": "This attribute 'statusCode_display' is added to the 'BookableResourceCategoryAssn' entity to provide the localized display text for the value of the listLookup attribute 'statusCode'",
                                                    "relationship": "hasA",
                                                    "dataType": "localizedDisplayText",
                                                    "name": "statusCode_display",
                                                    "isReadOnly": true
                                                }
                                            ]
                                        }
                                    ]
                                },
                                "name": "statusCode",
                                "appliedTraits": [
                                    {
                                        "traitReference": "is.requiredAtLevel",
                                        "arguments": [
                                            {
                                                "name": "level",
                                                "value": "none"
                                            }
                                        ]
                                    },
                                    {
                                        "traitReference": "is.localized.displayedAs",
                                        "arguments": [
                                            {
                                                "entityReference": {
                                                    "entityShape": "localizedTable",
                                                    "constantValues": [
                                                        [
                                                            "en",
                                                            "Status Reason"
                                                        ]
                                                    ]
                                                }
                                            }
                                        ]
                                    },
                                    {
                                        "traitReference": "is.localized.describedAs",
                                        "arguments": [
                                            {
                                                "entityReference": {
                                                    "entityShape": "localizedTable",
                                                    "constantValues": [
                                                        [
                                                            "en",
                                                            "Reason for the status of the Resource Category Assn"
                                                        ]
                                                    ]
                                                }
                                            }
                                        ]
                                    }
                                ],
                                "sourceName": "statuscode",
                                "sourceOrdering": 10033,
                                "isNullable": true,
                                "displayName": "Status Reason",
                                "description": "Reason for the status of the Resource Category Assn"
                            },
                            {
                                "relationship": "hasA",
                                "dataType": "decimal",
                                "name": "exchangeRate",
                                "appliedTraits": [
                                    {
                                        "traitReference": "is.requiredAtLevel",
                                        "arguments": [
                                            {
                                                "name": "level",
                                                "value": "none"
                                            }
                                        ]
                                    },
                                    {
                                        "traitReference": "is.localized.displayedAs",
                                        "arguments": [
                                            {
                                                "entityReference": {
                                                    "entityShape": "localizedTable",
                                                    "constantValues": [
                                                        [
                                                            "en",
                                                            "ExchangeRate"
                                                        ]
                                                    ]
                                                }
                                            }
                                        ]
                                    },
                                    {
                                        "traitReference": "is.localized.describedAs",
                                        "arguments": [
                                            {
                                                "entityReference": {
                                                    "entityShape": "localizedTable",
                                                    "constantValues": [
                                                        [
                                                            "en",
                                                            "Exchange rate for the currency associated with the bookableresourcecategoryassn with respect to the base currency."
                                                        ]
                                                    ]
                                                }
                                            }
                                        ]
                                    }
                                ],
                                "sourceName": "exchangerate",
                                "maximumValue": "100000000000",
                                "minimumValue": "1E-10",
                                "sourceOrdering": 10035,
                                "isNullable": true,
                                "displayName": "ExchangeRate",
                                "description": "Exchange rate for the currency associated with the bookableresourcecategoryassn with respect to the base currency."
                            },
                            {
                                "name": "TransactionCurrency_bookableresourcecategoryassn",
                                "entity": {
                                    "entityReference": "Currency",
                                    "appliedTraits": [
                                        {
                                            "traitReference": "is.identifiedBy",
                                            "arguments": [
                                                "Currency/(resolvedAttributes)/transactionCurrencyId"
                                            ]
                                        }
                                    ]
                                },
                                "relationship": {
                                    "relationshipReference": "hasFlexibleRelationshipWithEntity",
                                    "appliedTraits": [
                                        {
                                            "traitReference": "does.referenceEntityVia",
                                            "arguments": [
                                                {
                                                    "name": "foreignKeyAttribute",
                                                    "value": {
                                                        "relationship": "hasA",
                                                        "dataType": "entityId",
                                                        "name": "transactionCurrencyId",
                                                        "appliedTraits": [
                                                            {
                                                                "traitReference": "is.CDS.lookup",
                                                                "arguments": [
                                                                    {
                                                                        "name": "style",
                                                                        "value": "single"
                                                                    }
                                                                ]
                                                            },
                                                            {
                                                                "traitReference": "is.requiredAtLevel",
                                                                "arguments": [
                                                                    {
                                                                        "name": "level",
                                                                        "value": "none"
                                                                    }
                                                                ]
                                                            },
                                                            {
                                                                "traitReference": "is.localized.displayedAs",
                                                                "arguments": [
                                                                    {
                                                                        "entityReference": {
                                                                            "entityShape": "localizedTable",
                                                                            "constantValues": [
                                                                                [
                                                                                    "en",
                                                                                    "Currency"
                                                                                ]
                                                                            ]
                                                                        }
                                                                    }
                                                                ]
                                                            },
                                                            {
                                                                "traitReference": "is.localized.describedAs",
                                                                "arguments": [
                                                                    {
                                                                        "entityReference": {
                                                                            "entityShape": "localizedTable",
                                                                            "constantValues": [
                                                                                [
                                                                                    "en",
                                                                                    "Exchange rate for the currency associated with the BookableResourceCategoryAssn with respect to the base currency."
                                                                                ]
                                                                            ]
                                                                        }
                                                                    }
                                                                ]
                                                            }
                                                        ],
                                                        "sourceName": "transactioncurrencyid",
                                                        "sourceOrdering": 10036,
                                                        "isNullable": true,
                                                        "displayName": "Currency",
                                                        "description": "Exchange rate for the currency associated with the BookableResourceCategoryAssn with respect to the base currency."
                                                    }
                                                }
                                            ]
                                        }
                                    ]
                                }
                            }
                        ]
                    }
                }
            ]
        }
    ]
}